Igala,English
òkwúta,stone
ùwẹ,you
ọ́nẹkẹ̀lẹ,Man
gbà,give
ébíjè,devil
àwa,we
únyí,house
chẹ́,Fold
ónobule,smell
òñwu,he
òñwu,she
òñwu,it
éwó,goat
ọ́maye,sister
ọ́maye,brother
ónonojò,stragers
ónonojò,visitors
òmi,I
j’ójí,steal
Àtá wa,Our father
Àtá,father
òkólóbíáà,young man
ébi,Hunger
èjìmá,twins
èkìlì-ẹrẹ̀,Ankle
ènè,question
ílojí,hair
Agba,Hello
èmí,here
ọ̀mọ́,There
fàáfáī,Just now
ẹ́rẹrẹ̀,immediately
àbaba,Initially
du,take
hieele ,all
ájọfẹ,chief
ẹ́ñwu,Something
ẹ̀bìẹ̀,blood
áji,stream
ímọ́,nose
ìtì,cheek
úlo,pimple
óyó,fat
ọ́gọ́́lọ̄,ditch
bá,boast
fà,crawl
gbà,recieve
gwẹ̀,wash
hì,cook
jó,burn
kà,say
Kpẹ̣́,divide
kwà,shout
lí,see
mí,rest
nẹ,own
nyí,create
ñmọ,drink
ñwá,peel
rá,run
tà,sell
ùlù ,smell
àwa,we
òmi ,i
mà,they
ẹ̀,you
abalẹ,be
 ta,to
 óñwù,of
 mányu, and
òmi,am
 efù ,in
 elẹ,that
enẹ,have
ẹñwù ,it
 ñwù ,for
ìche,not
 ójìñwù ,on
kpai,with
Ọnẹkẹlẹ,he
 Abalẹ,as
 chè ,do
 ugbo, at
 eyì,this
ùyọ̀ ,joy
ẹ̀gbà ,time
éfufu,white
égbé ,grass
ejodudu,firtr
ane̩,and
ile̩.,world
júgwúú,disarray
òfòfo ,empty
ẹ̀chúbi ,darkness
ọ̀lùlù,climax
kà dufù,Divulge
ẹ̀dẹ̀bọ́ ,Happiness
taki,because
ámáà ,but
bàkú ,must be
cháí,unless
ìchèkpúlù,School
íchẹ́kà ,even if
ìchẹ̀kíbọ̀ ,remainder
dágba,may be
déké,go
íchẹñwu ,if
ídábálẹ̄,if so
kpai,and
múdáà,however
todú ,because of
àákpà ,corn
á,will
ìbá ,beside
íbe ,mind
ìgbẹ̀lẹ́ ,young girl
íhia,sneeze
íkáakàla,crab
íkáakàla,perharps
íkétè,sore
íkọ́líkọ́ ,horror
ìkpà ,bag
íkpágolo ,container
íkpékēè ,hiccup
íkwẹ́kwẹ́ẹ̀ ,derision
ẹ́nẹ ikwẹ́kwẹ́ẹ̀,clown
ìlá ,mistake
ílo,bell
ìlówáà,Foreigner
ímọtọ,child
ímú ,Mosquito
ínáà ,insult
ìnajọ́ ,dawn
ínéè,tax
ípílò ,pillow
ítébùlù,table
ìtékwú ,ocean
ítélénì ,tray
ítíchà ,teacher
íwáyáà,wire
íyáà,joke
íye ,mother
já,grate
já,fight
jàbe,vote
jádá ,cut
jágajàga ,untidy
jàjà ,very 
jálíí,obviously
jámù,collide
já-tō,assemble
jẹ́ ,agree
jijì,far away
jó,burn
kàdó ,touch
kàtàà ,profusely
kálí ,which
katé ,only
ké,proud
kéee ,why
kékélé,small
kẹ̀chẹ̀ ,push
kẹ́dọ̀nó ,trust
kẹrẹ̀bọ́ ,meet
kò ,heal
kócho,please
kojí,replace
kòjòkòjò ,anxiously
kórú ,mock
kọ,write
kọ́chẹ̄,learn
kọ̀fídá ,place
kọ́kwúú ,stiff
kù ,who
kpa,kill
kpá,ripe
kpàí ,and
kpajá ,grind
kpákányú,grip
kpákóló,jump
kpàkpà ,exactlly
kpákpálá ,quickly
kpakpalakpaa,hard
kpamá,tidy
kpalu ,quench
kpanà ,tear
kpéjì ,divide
kpélí,gather
kpẹ́ ,share
kpẹ́chíí,smallish
kpẹ́dọ̀ ,cruel
kpẹ́lẹ́kẹ́,always
kpẹ́rú ,divide
kpìyá ,smear
kpó ,smell
kpódudu ,smoky
kpojí ,conclude
kpolu,sedate
kpòò,loudly
ej'ọfẹ ,Rule 
Ejónù,reign
kpọ̀,cheap
kpọhiọọ ,heavy
kpọ̀ọ̀ ,much
kpọ́tii,thick
kpùkẹ̀ẹ̀ ,short
kpúná ,hot
kpuná,warm
kwà ,cry
kwàá,loudly
kwóò,deduct
kwú,die
kwu , Slaughter
kwúlọ̄ ,stammer
là,buy
lá,astray
làáléè,pass
láñwúù,grumble
lamọ́,paste
lè ,to go
lè gwúdu,overtake
le,somehow
lèkwú ,will die
lèwá,come
lẹ ,the
lí ,see
li,clean
lì,punch
lìá ,come
Íkòó ,time
lìààà,pull
lìchà-lìchà ,muscular
liẹ ,crush
líẹ́na ,envious
lìkìlìkì,fully
lile,big
lotoo,enormous
lọ́ ,chew
Ómi álọ̀,raining
Ómi ,water
lu ,quench
lù ,smell
má ,someone
má ,never
ma,their
májáà,hide
mẹmù ,to end
mí,rest
mi ,my
mì ,swallow
miẹ ,suck
mòmòlò,round
mọ,drink
mọ̀là ,kind
mú ,stop
múlọ̀,gather
nà ,myself
na, rant
náa ,continue
nábáà,ban
nàdàlà ,unfold
najú ,hurry
nawo ,increase
néjú,believe
neke,can
neke,able
nétí,listen
nẹ́ ,carry
nẹ̀ ,break
nẹpi ,nose
nítēlē ,to ask after
nó,expel
nójí ,because of
nù,play
nù,played
nù,playing
nyọ̀ ,beautiful
nyọ́gbá ,progress
nyọ́lọ́ ,deform
nyú ,into
nyú ,in
nyú ,inside
ñá,catch
ñàà,firmly
ñòóñō,fiercely
ñọ́,gather
ñọ́rú,settle
ñmé ,particle
ñmí ,rest
ñmíñmi ,breathe
ñmọ,drink
ñwá,fall
ñwà,measure
ñwọ́,itch
ñwọ̀ ,slippery
òbé ,business
òbébè ,speed
òbìjimu,ostrich
óbó ,soup
òbògo,stupid
òbóchí ẹnẹfu,doctor
òbúkọ ,he-goat
òchìkapa ,rice
óchú ,witch
óchú ,wizard
òchúchù ,dizzy 
óchúù ,moon
ọ́kọ́ ochù,salary
òdènè ,vulture
òdòdó ,flower
òdùdu,morning
òdùfa,green
òféfē,soon after
òfeje-í ,recenty
òfòfo ,empty
òfòfo ,zero
òfù ,destruction
òfù ,loss
ògbégbéílẹ̀ ,eternally
ògbèlè ,lizard
ògbémè ,remarkable
ógbó,old age
ògémi,neatness
ògénéba ,elegance
ògijo,elder
ògijo,senior
ògwòni ,expert
ógwù ,medicine
ógwu ,warm
ógwú,inheritance
ògwùchẹ́kwọ̀ ,illitrate
ògwùgwù ,owl
òhì ,reply
ójétà ,trash
ójíká ,shoulder
òjìbó,statue
ójíle ,good luck
òjima,respect
òjima,honour
ójínójíì,grave
ójóò ,gift
ójúwó,hill
òjúgò,glass
òjùjù,secret
óko ,bush
òkólóbíáà,Boy
òkólo,ram
ókóò ,parrot
òkpò ,fear
ch'òkpò ,afraid
ókwu,friend 
ókwunọ ,cow
òkwúta ,stone
ókwúù ,trap
òlílí,flute
òlíye ,needle
ólu ,sleep
ólù ,sun
òlùbọ́,shade
òlùgbẹ,thirst
òlùka,dialogue
òményī,uncle
òmì ,water
ómu,salt
ónẹ̀ ,person
ónobùlẹ,woman
ónú ,king
ónúchẹ́ ,message
òñwu ,him
òñwu ,her
òtítálá,finally
òtítálá,last
ọ̀bàlà ,cat
ọ̀bàta,suffer
ọ̀bẹ ,knife
ọ́dáà ,law
kọdá,cut
ọ̀daala,law
ọ̀dọ̀,wall
ọ́dọ́da ,out
ọ́ga ,tall
ọ̀gà ,winner
ọ̀gẹ̀cha,truth
ọ́kọ,husband
Ọ́na ,dream
ọ̀ọ́nà ,path
ọ̀ọ́nà ,road
ọ̀tákáda ,book
m’ọ̀tákáda,brilliant
ọ́kọ́-ọ́tākāda,currency
iye,mother
ọ́wọ́ọ̀,broom
ọ́yáà ,wife
ọ́yá ukwú ọkọ,widow
ọ́yonū,queen
píọ́ọ́,surely
pótóó,wide
ráīlọ ,hate
ràìlò,fear
ré,shut
ré,close
K'í ,to
ódú ,name
kàkíníí,to say 
ta,shoot
ma kàkíníí,they said
ñwá,fall
ñwu,itch
Kù mẹ  ,they should 
Kù ,should
Ká ñwu ,tell
Ká ñwu má ,time
Óñwù,own
Abo,people
a kàkíníí,we said
u kàkíníí,you said
ñwe̩,for you
ugbo,where
te̩,lock
o̩ma,son
o̩ma,Daughter
o̩ma,child
o̩la,word
k'o̩la,speak
Úmà ṅ, i don't
ù ,i
amone̩,people
lewa,come
amo̩ma,children
ne̩,carry
eju,eye
eju,face
dufu,go out
dufu,going out
one̩,someone
Defidi,david
àchẹ ,predict
Agba,hello
ọ́gbọ́ọgbá,tall
iche̩bo̩,remaining
bi,open
e̩do̩,heart
E̩ne̩,person
Abe̩le̩,like that
dágō,wait
dágō,stand 
neke,can
wèwè,plenty
oli,stick
o̩na,way
o̩na,door
dohi,answer
kiafo̩,sacred
kiafo̩,holy
o̩la-wñ,body
rinyo̩,sweet
nyo̩,good luck
ʼe̩wñ,thing
chʼe̩wñ,do
e̩do̩,call
oji,thief
kwane̩,to stand up
gugu,sweat
ónúgò,self
ónúgo ùwẹ,yourself
ónúgò mi,myself
ónúgò wa,ourself
ónúgò wa,ourselves
ùbì,behind
kpẹ́,share
ójóojí ,different
ẹ̀gbà ,season
ẹ̀gbà ,period
ẹ̀gbà ,time
ko̩la,speak
ko̩la,talk
dàbì ,go back
ùñà,chance
ùñà,opportunity
e̩bie̩ne̩,bad
che,is
egini,small
ate̩,up
ogane,down
íbe ,mind
íbe ,heart
ogbegbele̩,forever
e̩gujo,burn
efojale,heaven
umola,wisdom
o̩chaka,everything
e̩yo̩,joy
kʼunyi,bulld
e̩ko̩,full
ufe̩do̩,love
Jisos,jesus
o̩bata,suffer
afe̩do̩,we love
efe̩do̩,i love
eli,song
o̩ko̩ko̩lo̩,cycle
ala,sheep
daba,cross
kado,touch
Aladi,Sunday
Látiní,Monday
Talata,Tuesday
Laluba,Wednesday
Alami,Thursday
Ajuma,Friday
Ishatè,Saturday
Olu,Sunday
ochu ajodudu,January
ochu ekeji,February
ochu eketa,March
ochu ekele,April
ochu ekelu,May
ochu ekefa,June
ochu ekebie,July
ochu ekejo,August
ochu ekela,September
ochu ekegwa,October
ochu ekegwa-oka,November
ochu ekegwe-eji,December
Ochu ajódudú,January
ochu ekeji,February
ochu eketa,March
ochu ekele,April
ochu ekelu,May
ochu ekefa,June
ochu ekebie,July
ochu ekejo,August
ochu ekela,September
ochu ekegwa,October
ochu ekegwa-oka,November
ochu ekegweji,December
ódú dú,AM
áné pété,PM
hieele ,all
wèwè,plenty
éfufu,white
édúdú,black
ékpikpa,red
òdùfa,green
òdùfa,blue
ọ̀rọ́ka ,afternoon
òdùdu,morning
bíẹ́nẹ ,bad
gwúchẹ́ ,break
gwúdu ,enter
ájúwẹ ,hen
ájúwẹ ,chicken
tù ,choose
tùgbo,went
tẹ̀gwù ,climb
úgbo ,place
ìchèkpúlù,school
ìchèkpúlù,universtiy
únyí-dúdú,prison
únyí-alee,office
únyí-olu,bedroom
únyí-ọkọ́,bank
ùnyọ̀,beautiful
ùnyọ̀,beauty
àìkọ ,cock
piopio,soon
òkòlò,compound
ídó,dance
Ọ́jọ́ ,God
ọ́maye,brother
ọ́maye,sister
iñyẹ,one
èjí ,two
Ẹta ,three 
ẹlẹ,four 
ẹgwa,five
ẹfa,six
èbíè,seven
ẹjọ,eight
ẹla,nine
ẹgwa,ten
ẹgwa ká,eleven
ẹgwa eji,twelve
ẹgwa ẹta,thirteen
ẹgwa ẹlẹ,fourteen
ẹgwa ẹlu,fifteen
ẹgwa ẹfa,sixteen
ẹgwa èbíè,seventeen
ẹgwa ẹjọ,eighteen
ẹgwa ẹlá,ninetenn
ogwu,twenty
Ogwu ẹgwa,thirty
ọgbọ mèjí,forty
ọgbọ meji ñyẹ gwa,fifty
ọgbọ mẹta,sixty
ọgbọ mẹta ñyọmẹ ẹgwa,seventy
ọgbọ mẹlẹ,eighty
ọgbọ mẹlẹ ñyọmẹ gwa,ninety
ogwu mẹlu,one hundred
àgbágbà,about
àtẹ,above
ábúdúú,absolutely
ùrà,abundance
bẹ̀híẹ́ẹ́,abundant
gbà,accept
àchígílī,accidentally
ùgwùgwú,accommodation
lèbọ́,accompany
dábálu,according
ọ̀là,account
gwúné,accuse
che,achieve
ùkpáhíú,achievement
àgwódábáà,across
ẹ́ñwu,action
úkọ́lọ́,activity
àdumọ́,addition
kà,address
gb’ọwọ́ ábi,admit
ògijo,adult
íbe,advice
k’ọ̀là ñw’ú,advise
ọ̀tàkáchi,advocate
j’ọ́kọ,affair
ùfẹ̀dọ̀,affection
ch’ókpò,afraid
ùbì,after
ọ̀rọ́ka,afternoon
gẹ̀,again
ógbó,age
ẹ́nẹ,agent
kwúhie,ago
àkàméjúñwá,agreement
úchẹ́-oko,agriculture
àbùnẹ́,aid
àfù,air
ọ́kọ́ọ̀-ojáalè,aircraft
chákáá,all
bùñà,allow
kpọ́kpẹ́,almost
katé,alone
kpàí,along
gẹ̄ẹ̄,also
íchẹ́kà,although
ìkò dúú,always
Àméríkà,America
Àméríkà,American
àgbàdé,among
álu,amount
chábe,analysis
ígbélé,ancient
kpàí,and
ọ́mọọ̀láíka,angel
ìmélí,anger
bíéjú,angry
ẹ́la,animal
àdàmọ́dọ́,anniversary
tẹ́-ákōya,announce
òmúnẹ́ẹ̀,another
òhì,answer
èjíjì,anxiety
kòjòkòjò,anxious
dúú,any
ẹ́nẹ dúú,anyone
ẹ́ñwu dúú,anything
bìèbi,appeal
dà,appear
éjú,appearance
àlèmú,apple
ùdúmiọla,application
che,apply
chí,appoint
ùdágō,appointment
gbẹ́rẹ̀,approach
dábú,approximately
Ẹ̀pìlì,April
àjọ,arbitration
ójáanẹ̀,area
j’iñwà,argue
ẹ́rọ́là,argument
ọ́wọ́,arm
àmajogwu,armies
ẹ́la-abàgá,arms
àmajogwu,army
àgbágbà,around
ch’alò,arrange
álóò,arrangement
mú,arrest
éwá,arrival
lìá,arrive
ọ́fá,arrow
ẹ́ñwu ọwọ́,art
ẹ́ñwu,article
ẹ́ñwu ajá,articles
dábálu,as
t’énè,ask
dọ́,asked
t’énè,asking
ọ́gọ́gọ̄,aspect
àkpẹ́rú,aspects
jẹjú,assemble
ùjẹjú,assembly
k’ọ̀là jálíí,assert
àñwàgó,assessment
kpẹ́,assign
úkọ́lọ́,assignment
àbùnẹ́,assistance
àchímọ́la,assistant
ùjẹjú,association
néjú,assume
ùbọdù,assumption
jẹ́nyú,assure
àdíkò,at
n’úká,attack
dọ́mọ,attempt
wá,attend
ẹ̀dọ̀,attention
áli,attitude
ch’ejúkọ̀kà,attract
nyọ̀,attractive
àmọjà,audience
Ọ̀gọ̀ọ̀stù,August
ọ̀mẹ́nyi,aunt
èyíkwu,authority
dẹ́,available
dábú,average
b’àfù,avoid
chí,awarded
mà,aware
ọ̀dọ́da,away
mùgọ̀mùgọ̀,awkward
ùbì,back
bíẹ́nẹ,bad
bíẹ́nẹ-bíẹ́nẹ,badly
ìkpà,bag
gb’ọwọ́ onẹ̀,bail
ùchéjè,balance
íbọ́lù,ball
nábáà,ban
ùkọ̀lọ́,band
únyí ọ́kọ́,bank
òfòfo,bare
àká,barn
ẹ̀tẹ̀,base
ẹ̀tẹ̀,basis
úgbá,basin
ìdọ́,bat
gw’ọla,bath
che,be
étí-ọbá,beach
nẹ́,bear
ẹ́la,beast
gwó,beat
àlìfía,beautiful
ùnyọ̀,beauty
todú,because
che,become
àtẹ̀,bed
ẹ̀jẹ́efù,bedroom
ẹ́la okwunọ,beef
ọ́tẹ́,beer
lekí,before
bìèbi,beg
chánẹ́ẹ̀,begin
ẹ̀tẹ̀-ẹ̀tẹ̀,beginning
ọla,behalf
ùbì,behind
ínẹ́ẹ̀,belief
jẹ́nyú,believe
kámá,believed
ílo,bell
étíbā,below
gọ̀,bend
étíbā,beneath
j’ìlè,benefit
ìbá,beside
jálíí,best
fíálu,bet
mẹ́,better
àgbàdé,between
lé,beyond
Báíbùlù,Bible
lile,big
ọ́kọ́,bill
mílíọ̀nù,billion
jì,bind
ẹ́wẹ,bird
àmẹ́wẹ,birds
úbí,birth
ọ́jọ́ úbī,birthday
ágẹ́,bit
ègíní,bits
rùkókó,bitter
dúdú,black
kp’odú-bíẹ́,blackmail
ọ̀dọ̀,bladder
dọ́ ónẹ̀ údālu,blame
úkpóò,blanket
chẹ́bìẹ̀,bleeding
àgwódámā,blend
ẹ̀hì,blessing
ákpejúfọ́,blind
kpà,block
ẹ̀bìẹ̀,blood
ẹ̀bìẹ̀-ẹ̀bìẹ̀,bloody
fà,blow
bílú,blue
àlo,board
ọ́kọ́,boat
ọ́la,body
ítẹ́bíẹ̀,boil
rọ,boiling
pólòpòlò,bold
ọ̀lálī,bond
áchíkwúù,bone
ọ̀tákáda,book
àmọ́tákáda,books
ọ̀mẹ́,border
gwúdu,bore
bí,born
èjìmá,both
ùjógò,bottle
ọ̀ganẹ̀,bottom
n’ọdà,bound
ọ̀mẹ́,boundary
bẹ̀híẹ́ẹ́,bountiful
ọ́ọ́dọ,bow
úgbá,bowl
àkpàtì,box
ọ́m’onékẹ̀lẹ,boy
àbókólóbíáà,boys
ọ̀kọ̀tọ̀,brain
ẹ́tọ́,branch
ámẹ́tọ́,branches
gwúchẹ́,break
ùkpúchẹ́,breakfast
ẹ́nyáà,breast
ámẹ́nyáà,breasts
ími,breath
m’ími,breathe
ùmíñmí,breathing
j’obì,bribe
ọ́dọ̀,brick
ákpata,bridge
ké,brief
ké,briefly
fánẹ́ẹ̀,bright
gbágádáá,brightly
nẹ́,bring
bàgàà,broad
du kpògo,broadcast
ọ́maye,brother
àmọmaye,brothers
kpikpa,brown
li,brush
kpẹ́dọ̀,brutal
kọ́,build
únyí,building
gbá,built
ẹ́yọ́,bullet
ẹ̀dọ̀,bundle
ùdú,burden
jí-égwú,burial
du jì,buried
jó,burn
jó,burning
ta,burst
òbé,business
kpókpòkpóò,busy
ámáà,but
ípínì,button
là,buy
ẹ́nẹ ajá,buyer
ìlà,buying
kpàí,by
íwáyáà,cable
lò,calculate
dọ́,call
kà,called
dọ́,calling
hìẹ̀dọ̀ wánẹ́ẹ̀,calm
chíí,calmly
ọ̀ọ́nà,canal
kpàlú,cancel
ápō,cancer
neke,capable
agbà,capacity
ágbáà-ajá,capital
ágwọkọ̀,captain
ímótò,car
ẹ̀dọ̀,care
yẹ̀yẹ̀,careful
yẹ̀yẹ̀,carefully
du,carry
nẹ́,carried
ánádúù,carrier
nẹ́,carrying
àjọ,case
àmajọ,cases
ánẹ́ẹ̀,casual
ọ̀bàlà,cat
ọ̀tọ́tóhì,catalogue
mú,catch
ùchẹ̀,categories
ólí,Catholic
ámokwunọ,cattle
ẹ̀tẹ̀,cause
chí,caused
àmaètẹ̀,causes
òwò,cave
dá,cease
gbẹ,ceasing
ọ̀pátá,ceiling
gwọ́gwūyọ̀,celebrate
àdàmọ́dọ́,celebration
àlúméjì,center
àlúméjì,central
àmọ́dọ́,centuries
ọ̀dọ́,century
ùchèñwú,ceremony
kpákáá,certain
jálíí,certainly
jálíí,certainty
ígbálìgbà,chain
ìchẹ́yà,chair
ágbojí,chairman
àfà,chance
rídáà,change
rídáà,changed
àmárídáà,changes
ọ̀ọ́nà,channel
ùkpẹ̄,chapter
ámúkpẹ̄,chapters
áli,character
dànó,characteristic
àmálí,characteristics
ùdúmiọla,characterization
dábú,characterize
gwọ́ t’ọ́mẹ́ẹ̀,charge
àmajọ,charges
ẹ̀fùlẹ́fù,charm
kpọ̀,cheap
kpọ́kpọ̀kpọ́ọ̀,cheaply
lí,check
ìtì,cheek
àmaìtì,cheeks
ónú,chief
Ónú,Chief
àmonú,chiefs
ọ́màjùwẹ,chicken
ọ́ma,child
ágófo,childhood
àbímọ́tọ,children
àgbà,chin
Cháínà,China
Cháínà,Chinese
ẹ̀bẹ́lẹ́,chip
ọ̀ọ́nà,choice
àmọ̣́ọ́nà,choices
dọ́mọ,choose
dọ́mọ,chose
ákólọjọ,Christian
Íkéléchìmáchì,Christmas
Àlàdì,church
àmaÀlàdì,churches
ọ̀chìga,cigarette
ìgòchèlèmá,cinema
àkàdà,circuit
kòlòkòlò,circular
ọ̀lá,circumstance
àmọ̣́lá,circumstances
dọ́,cited
àmewó,cities
Éwó Lile,city
ẹ̀gbẹ́,civil
éjú-énẹ́ẹ̀,civilization
éjú-échí,civilized
gbà,claim
gbà,claimed
àlìfía,claims
ọ̀lọ́pù,clan
àmọ̣́lọ́pù,clans
ùchẹ̀,class
ùchẹ̀,classes
ùchẹ̀,classified
ìkójì-ọ̀gbánẹ̀,classroom
ámá,clay
fẹ́,clean
fánẹ́ẹ̀,Clear
ìgbàjí,clearing
jálíí,clearly
ákówékāda,clerk
kẹ́,click
mẹ́rú,close
mẹ́rú,closely
mẹ́rú,closer
mẹmù,closing
àchì,cloth
úkpóò,clothes
úkpóò,clothing
ákpá,cloud
ámákpá,clouds
ùgbóló,club
ácha,cluster
àmáchā,clusters
ẹ́fúù,coat
kpẹ̀bu,coating
òdẹ̀,code
ídígò,cohesion
ágọ́,coin
ọ́kọ́ ebíjè,coins
áhìdódọ̀,cold
mìẹ̀lù-mìẹ̀lù,coldly
gwúlọ́,collapse
ẹ́gà,collar
ìgò,collection
d’ejú,collective
òtílì-ótilì,collectively
jámù,collision
ẹ́yìbó,colonial
ínú,color
ámínú,colors
ẹ̀gbà,column
ùjà,combat
àgwódámā,combination
gwó dáma,combine
jọ,combined
lìá,come
lìá,comes
ùrá,comfort
dẹ̀bú,comfortable
ché píóò,Command
nyí,commanding
kà,comment
úkọ̀là,comments
ágọ́,commercial
ájájẹ̀,common
gbágádá,Common
álẹ́gbálẹ́,commonly
ílẹ̀,Commonwealth
kọ̀là,communicate
àmewó,communities
ojáanẹ̀,community
ígbólí,company
dábú,compared
ígbē,compensation
l’ùgbàtùgbà,compete
gbéjú,competent
ùgbá,competition
àmọ́gbā,competitions
àmájó,competitors
àìnọ̀,complaint
àmọ́ìnọ̀,complaints
kpa,complete
gbáàà,completely
ùkpōjí,completion
gb’íbe,compliance
gbà,complied
àkpẹ̀rù,components
jọ,composed
òkòlò,compound
àmokòlò,compounds
ùmà,comprehension
lò,compute
kọ̀pútà,computer
àmokòpútà,computers
májáà,concealed
ténè,conceived
íbē,concepts
ẹ̀jíjì,concern
lí,concerned
ímani,concerning
ádúbà,concessions
kpá-ójí,conclude
jì-ọ́lá,concluding
jì-ọ́lá,conclusion
alù,condition
íchẹñwu,conditional
àmalù,conditions
áli,conduct
ùjẹjú,conference
gb’ọ́wó́ ábi,confess
ọ̀là,confession
ùkẹ́dọ̀nó,confidence
ògèénéba,confident
jálí,confidently
dẹ̀,configuration
ìhíányì,conflicts
dè,conform
gb’íbe,conformity
òlí,confusion
ámáà,conjunction
tányí,connect
kámá,connected
éfù,connection
améfù,connections
dú,conquered
íbe,conscience
mà,conscious
ímí,consciousness
gẹ̀gẹ̀dẹ̀,consciously
álu,consensus
gbà,consent
àjẹ̀bá,consequence
àmọ̀jẹ́bá,consequences
òñwulẹ́,Consequently
gòó,consider
kpòkóò,considerable
pẹ́ẹ́,considerably
lí,considered
imáni,considering
dẹ́,consist
ìkò,consistent
púlú-púlú,consistently
kámá,consisting
che,constitutes
Ọ́dáà,constitution
ìgbàjí,constraint
àmagbàjí,constraints
kọ́,construct
úkọ́lọ́,construction
nẹ́,constructing
úkọ́lọ́,Construction
bọ,consult
álóò,consultation
du jẹ,consumed
jẹ,consuming
újẹ́ñwu,consumption
gbà,contain
ògō,container
n’ẹ́ñwu,containing
ch’íbē,contemplate
énẹ-ùgbà,contender
íbẹ́fù,content
áménẹ́fù,contents
ọ́dọ́-ọ́dọ́,continually
ẹ́ló,continuation
náa,continued
ọ̀gbálìkọ̀,continuous
náa,continuously
ọ́gwu,contract
àkábō,contradictions
ójóojì,contrast
tẹ̄,contribute
ètẹ̀kó̀,contribution
àmètẹ̀kó̀,contributions
ágó,control
àmagó,controls
òlí,controversy
jẹ́,convenient
òlùka,conversation
kà,convey
du lè,conveyed
gb'ọla jí,convince
kp'àbi,convicted
hì,Cook
jídó,cooking
bọ́,cool
dọ́ọ́,cooled
ọ́jáà,cooperative
gb’adù,cope
íkóbọ̀,copper
ágbà,cord
àákpà,corn
ójúbáà,corner
fẹ̀lí,correct
jálíí,correctly
ílétà,correspondence
dábú,corresponding
bíẹ́nẹ,corrupt
kpúná,costly
òwú,cotton
káálíì,Could
Àmọmajàtá,council
k’ukó,counsel
dábú,Count
álu,count
gbálukà,counted
àmaójáanẹ̀,countries
ójáanẹ̀,country
ígbélé,countryside
àmọkọ-ñ’ọyà,couple
gáma,coupled
àmánànyú,coupling
òjí égbó,courage
ágbají,courageous
Unyí Ájọ,Court
bòómá,cover
ìtàbò,covering
ókwunọ,cow
ẹ́ñwà,craft
gbéjú,crafty
búla,crash
fá,crawled
ékpo-ọ́la,cream
nyí,create
jẹ́,created
jó,creating
nẹ́,creative
jálí,credibility
àmẹ̀,credit
òwé,crevice
àlàáchí,crime
àmalàáchí,crimes
àjójí,criminal
ójí,criminal
fọ̀,cripple
lúú,critically
àmọ́lí,crops
dábáà,Cross
dábáà,crossed
ákpata,crossing
gb’ìjáli,crowded
àmọjà,crowd
ikẹ̀bẹ́,crown
ọ̀gbọ́lọ́,crucial
ágáloko,cruel
pìọ́ọ́piọ̄,cruelly
nọ̀,crush
ọ̀gwù,culture
ọ̀gwù,Culture
ùgbéjú,cultured
àgó,cup
ẹ̀bọ̀,cure
ìjíẹ̀yẹ̀,curiosity
j’ájó,curious
ábájọ́í,currently
étító,Current
ámáà,curse
kpébọ,cursed
ìkágbéjí,curtain
bà,curve
álí,custom
gbẹ́gbẹ́dẹ́,customary
ẹ́nẹ́-ajá,customer
àmẹ́nẹ́-ajá,customers
àmálí,customs
dá,cut
dégbé,cutting
àtá,dad
Bàbá,daddy
Bàbá,Dad
ọ́jọ́-ọ́jọ́,daily
kpá,damn
gbọ̀gbò,damp
ídó,dance
t’idó,danced
ídó,dancing
àjàbá,danger
bíẹ́nẹ,dangerous
che,dare
chúbí,dark
ẹ̀chúbi,darkness
fìòòò,darkly
d’ọ́jọ́,date
kẹ́nẹ́,dawn
ọ́jọ́,day
àmọ́jọ́,days
Ọ́jọ́,Day
ọ́jọ́,Day
ọ́jọ́,days
úkwú,dead
kpànyàà,deadly
ánájá,dealer
ché,dealing
úkwú,death
ọ́mẹ́ẹ̀,debt
ọ̀dọ́,decade
àmọ́dọ́,decades
chẹ̀,decay
Dìsẹ́mbà,December
kpẹ́-ojì,decide
kpẹ́-ojì,decided
àkàmójí,decision
kà,declare
biẹ́,declining
dù,decrease
ọ́dáà,decree
chí-kwóò,deduction
lí,deemed
kótòó,deep
gbálí,deeply
dú,defeat
ínẹ́ẹ̀,defence
dè,defend
Ògwu,Defense
àìkpē,deficiency
àmàìkpē,deficiencies
òfù,deficit
dúmi-ọ̀lá,define
tẹ̄,defined
jálíí,definitely
ùkpẹ́,degree
gẹ́bégédẹ̀,deliberate
gẹ̀gẹ̀dẹ̀,deliberately
ìlò,deliberation
gbá,delivered
yọ́,deliver
ọ́dá,democracy
àírẹ́,denial
rẹ́,denied
che,denotes
rẹ́,deny
rẹ̀,denying
ùchẹ̀,department
àmúchẹ̀,departments
ùchẹ̀,Department
bọ̀ọ́,dependent
ímani,depending
nẹ́fù,depth
àchímọ́la,deputy
gbà,derive
kwóò,derived
àmọ́,descendants
kà,describe
lí,described
gbẹ́,desert
dúkpẹ́,deserve
chónáà,design
ìchẹ́,designation
àchọ́ná,designer
ténẹ́,desire
ténè,desired
ìtébùlù kẹ́kẹ́,desk
k’ẹ́jūkú,despite
jùjà,desperately
úgbó,destination
ọ̀káí,destiny
búla,destroy
kpabíẹ́,destroyed
biẹ́,destroying
úkwú,destruction
tàchí,detach
tachí,detached
àfàdámá,detail
àmọfàdámá,details
lí,detect
lí-ẹ́gbọ,detection
lọ̀,determine
nà,determined
bà,determines
gbálúká,determining
ùmábíì,development
àbúbíì,developmental
ílā,deviation
ẹ̀bìlíì,devil
d’ẹ́bọ,devote
ọ̀gá-ìchúgáà,diabetes
àwọ̀nyí,diagram
ọ̀lá,dialogue
ọ́lọ́ọ̀,diameter
kà,dictate
che,did
kpá,die
kpá,died
ákpá,dies
ẹ́ñwu-àjẹñwu,diet
ójóojì,differ
ójóojì,different
ójóojì,differentiated
ójóojì,differing
òjíma,dignity
ìhíányì,dilemma
ùjíjì,dimension
àmújìjì,dimensions
m̀úm̀ú,dim
kpẹ́mùù,dimly
gẹ̀gẹ̀dẹ̀,direct
kpàlà,directly
ọ̀ọ́nà,direction
àdọ́gbéè,directions
jálíí,directly
hìjọ̀ọ̀,dirty
olọ́,disability
fọ̀,disable
ńolọ́,disabled
ùchóbí,disaster
bù,discipline
kà-dùfù,disclosure
dà,discovers
ùmà,discretion
álóò,discussion
ọ̀gá,disease
àmọ́gá,diseases
bùgùù,dishevelled
àmọ́chìbú,dishes
k'ùlàkà,dislike
hí-tánẹ́ẹ̀,dismissed
júgwúú,disorderly
bíya,dispersion
gbẹ́,displaced
ténẹ́,disposed
áli,disposition
ìyàà,dispute
ójóojì,dissimilarity
ùbíjì,distance
jìjì,distant
nyọ̀,distinctive
jálí,distinct
kpákáá,distinctly
dàlọ,distort
ọ̀bọ́dọ́,distorted
kpẹ́,distributed
Ójánẹ̀,District
àmọ́jánẹ̀,districts
ọ̀kpàtàchìì,distinguished
àjíkà,disturbances
bíùù,disturbed
k’ọ́gbọ,disturbing
ojóojí,diversity
kpẹ́rú,divide
àmólè̀,dividends
Ọjọ́,divine
Ọ́jọ́,divine
ùdā,divisions
dáárú,divorce
wúùùlù,dizzy
gàwùù,dizzyingly
che,do
énẹ́ógwù,doctor
ẹ́gbà,doctrine
àmẹ́gbà,doctrines
ílétà,document
àmílétà,documents
ábíá,dog
ámábíá,dogs
únyí,Domestic
Únyí,Domestic
dá,dominated
Ẹ́,Don
ché,done
ọ́nà,door
álu-ọ̀ọ́nà,doorway
ámọ́nà,doors
ójī,dose
èjì,double
ẹ̀gwejì,Double
ẹ́jìjì,doubt
ọ́ganẹ̀,down
hí,Down
fọ̀ọ́,drag
ákilíwo,dramatically
fá,drawing
ná,dream
áfẹ̀,dress
nẹ́ ọ́la,dressed
nẹ́ ọ́la,dressing
ẹ́nẹ́-ujùlù,drifter
mọ,drink
émọ,drinking
gwà,drive
ágwọ́kọ,driver
égwá,driving
kpẹ̀ẹ́,drop
hì,dropped
àmí,drops
ógwù,drug
àmógwù,drugs
m’ọ́tẹ́,drunk
gbálẹ́,drunkenly
gbẹ́,dry
tódú,due
gégédẹ́,duly
éfù,during
íkò,duration
Dóchù,Dutch
úkọ́lọ́,duties
údú,duty
òdò,dwelling
ényání,dyer
úkwú,dying
gbẹ́gā,dynamic
étẹ̀ọ̀fẹ́,dynasty
anẹ́ẹ̀,earth
ánẹ́,earthly
gbànyọ̀,ease
dégègè,easier
gbégbé,easily
àpá,east
lọ́la,easy
jẹ,eat
újẹ́ñwu,eating
jẹ́,eaten
ọkọ́,economic
ẹ́rẹ́,economically
gbéjú,educated
kpà,effective
jálíí,effectively
lọ́lá,efficient
nyọ́nyọ̀,efficiently
ùkpáhíú,effort
àbùché,efforts
fẹ̀ẹ̀lẹ̀,effortless
kwúyẹ́ẹ́,effortlessly
ẹ́gẹ,egg
ámẹ́gẹ,eggs
ẹ̀jọ,eight
ẹ̀kẹ́jọ,eighth
bàkí,either
jínyà,elaborate
uná,electric
únaa,electricity
íló,electronic
úgbógbó,elevation
ùgbọ́kìíbọ̀,elsewhere
Èl,El
ámí,em
kwóò,emanate
dẹ́,embedded
d’ọ́,embodied
gbà,embrace
gbá,embraced
ẹ́gẹ,embryo
dúfù,emerge
ẹ̀dúfù,emergence
dufù,emerged
dúfù,emerging
kpákáá,eminent
ojáanẹ̀,empire
àmaójáanẹ̀,empires
àb’úkọ́lọ́,employees
úkọ́lọ́,employment
òfòfo,empty
jẹ̄,enable
jẹ́,enabled
ché,enacted
kámá,enclosing
jì,enclosed
kámá,encompassing
kẹ̀rẹ́bọ́,encounter
gbà,encourage
úkpōjí,end
gbẹ́,ended
ọ̀gbálìkọ̀,endless
Jì,End
chẹ́,endowed
f’ẹ́dọ̀ jẹ́,endure
dégègè,enduring
àmẹ́nẹ́-ọ́là,enemies
ẹ́nẹ́-ọ́là,enemy
ífẹ̀,energy
ámí,energies
éjìnì,engine
ónẹ́-éjìníyà,engineer
nẹ́,engineered
áméjìnì,engines
Ẹ́nẹ́fù,English
Ẹ́nẹ́fù,English
tọ̀,enhance
ch’únyọ̀,enjoy
gbẹ́,enjoyed
úrá,enjoying
ùyọ̀,enjoyment
lì-ẹ́jú,enlightened
gọmm,enormous
gbódóó,enormously
b’ọ́jọ́,enough
wùùlù,en-masse
che,enriched
gbálukà,enrolled
dọ́mọ,ensure
gbẹ́rẹ̀,Enter
gbẹ́rẹ̀,entered
ájà,enterprise
àmọ́já,enterprises
iyá,entertainment
àb’úkèlì,entertainers
chákáá,entire
gbáàà,entirely
álú,entrance
úgbọ,entry
ánẹ́ẹ̀,environment
ánẹ́ẹ̀,Environment
ùliẹ́ná,envy
ágójì,epic
àmọ́dọ́,epochs
dábú,equal
déídéí,equally
ámẹ́nẹ́gọ́,equals
ẹ́ñwu-ígbélé,equipment
àmẹ́ñwu-ígbélé,Equipment
dábú,equivalent
ọ̀dọ́,era
àmọ́dọ́,eras
kpàlú,erase
ìkpàlú,erasure
ílā,error
rá,escape
álērá,escapes
káā,especially
ẹ́ñwu,essay
ojó,essence
ọ́kọ́,essential
ójó,essentially
dọ́mọ́,establish
jó,established
j’ọ́lá,establishing
úgbọ́dànyí,establishment
àmúgbọ́dànyí,establishments
íjà,estate
ìgà,Estate
dábú,estimate
dábú,estimated
àmọ́kàmọ,etc
yà,evacuate
gòó,evaluate
ché,even
ánẹ́,evening
ìkòkáà,Eventually
ẹ́ñwu,event
í-kpọ́kpẹ́ chuu,eventual
chuu,eventually
ámẹ́ñwu,events
jálíí,evidently
àjó,evidence
èbìlíì,evil
ìnáà,Evil
èmíì,evolution
kpàkpà,exact
gẹ̀gẹ̀dẹ̀,exactly
àñwàgó,examination
chábè,examine
òdè,example
àmọ́dè,examples
gbálí,exceptionally
gbẹ̀,excessive
gbáanẹ̀,exceed
jájá,exceeding
ètẹ̀lẹ̀,excellence
nyọ̀nyọ̀,excellent
biọwọ́-biọwọ́,excellently
ámáà,except
òdòdó,excess
ólóló,excessive
chàkpàà,excessively
kpàjìlọ̀,exchanged
ótìíkpẹ́,exclusion
òókaté,exclusively
á,excuse
ètẹ̀,excuse
kpabíẹ́,execute
chọ́,executing
ògijo,executive
gb’ọ́lá,Exercise
ñw’ányà,exercise
d’úkpáhíú,exert
nẹ́ úkpáhíú,exerted
ch’òdùgbá,exhibit
ilé-égbégbélẹ̀,exile
údèjú,existence
bọ̀,existing
dẹ́,exist
jọ,existed
òdódùfù,exit
dàgbá,expand
dàgbá,expanded
néjú,expect
ínẹ́jú,Expectation
chōchí,expected
mà,expecting
ínẹ́jú,expectation
ténẹ́,expected
ténẹ́,expecting
ìkálò,expenditure
íná,expense
ámínà,expenses
lọ́wọ́ ṅ,expensive
lí,experience
gbẹ́,experienced
àmọ́lí,experiences
Lí-ọ́gbà,Experience
ílẹ̀,Experience
áñwàgó,experiment
égbá,expert
ùmà,expertise
àmọ́gijo,experts
kà,explain
tẹ̀-ọ́lá,explained
kà,explaining
ètẹ̀,explanation
gbálí,explicitly
ténẹ́,explore
ténè,exploring
ámátá,explosions
chí,exposed
chí,expose
tá,exposed
tá,exposing
àdùñà,exposition
ẹ́j’egbá,expression
úkọ̀là,expressions
ùkomù,expression
àmúkòmù,expressions
dágō,expressive
kà jálíí,Express
kà,express
jẹ́,expressed
k’ẹ́jūkú,expressing
gẹ̀gẹ̀dẹ̀,expressly
chégbègbá,extend
jijì,extended
dúú,extensively
ójá,extent
ónèmúnẹ́,external
ñọ́,extract
yà,extracted
átúlè,extra
ágójì,extraordinarily
ákilíwo,extraordinary
fíòò,extremely
ẹ́jú,eye
kpá,eyed
ámẹ́jú,eyes
kpá,eyed
ámẹ́jú,eyes
ọ̀fẹ́,f.
ẹ́jú,face
kẹrẹ́bọ́,faced
jẹ̄,facilitate
ọ̀gẹ̀chá,fact
ojó,factor
àmaojó,factors
íkópènì,factory
chá,fade
ẹ̀chá,faded
chì,fail
chì,failed
ále,failure
jálíí,fair
chèchè,fairly
ínẹ́ẹ̀,faith
lọ́,fall
gbégbégédẹ́,falling
ákpá,falls
ọ̀lèémí,FALSE
èémí,falsehood
àbímọ́tọ,Family
àbímọ́tọ,family
j’odú,famous
áyínáà,fan
jíjì,far
gbáanẹ̀,farther
ìjága,fashion
gbáà,fast
híáanẹ̀,faster
dákwúù,fasten
yóyó,fat
k’úkwú jẹ́,fatal
íbégwú,fate
àtá,father
Ọ́jọ́ Àtá,Father
àmọ́tá,fathers
ẹ̀biẹ́nẹ́,fault
àmẹ̀biẹ́nẹ́,faults
ídí,favor
dáb’ọ́lá,favorable
jálíí,favorably
jó,favored
ìdí,favors
ch’ókpò,fear
j’éjìjì,fearful
àìlò,fearfulness
ùchèñwú,feast
Fébùárì,February
ọ́jááne,federal
ọ́kọ́,fee
jẹ,feed
újẹ́ñwu,feeding
ténẹ́,feel
èmí,feeling
àmèmí,feelings
ámẹ́rẹ́,feet
ẹ́nẹ́,fellow
ólé,female
àbóbúlẹ̀,females
ọ́gbáà,fence
d’ọ́gbá,fenced
àmọ́gbá,fences
jì,fend
kékélẹ́,few
gégègè,fewer
ẹ̀mí,field
ámẹ̀mí,fields
ẹ́g̀wẹ́lúù,fifteen
ẹ́kẹ́lū,fifth
óóje,fifty
j’ùjà,fight
újà,fighting
àmójá,fights
ódú,figure
àmalú,figures
ẹ́gbẹ́,file
kọ́,fill
kọ́,filled
sìnímà,film
tà,filter
ótítálá,final
káá,finally
ọ́kọ́,financial
yẹ̀,find
gb’íhì,finding
ẹ́lí,findings
ínyẹ́ẹ̀,fine
gbégbégédẹ́,finely
ọ̀kpàtàchìì,finest
ọ́mọwọ́,finger
ámọ́mọwọ́,fingers
kpa,finish
kpá,finished
jì,finishing
úna,fire
gbá,fired
Ùná,Fire
àmúná,fires
jányíí,firm
gágàdā,firmly
ojódùdú,first
kpákáá,first-rate
ẹ́ja,fish
ẹ́ja,Fish
gbá,fished
á́kpẹ́jà,fisherman
àmẹ́jà,fishes
kpẹ́jà,fishing
kámọ́,fit
dè,fitting
kámọ́,fits
ẹ́lú,five
ẹ́lẹ́lúù,Five
tẹ́,fixed
ágàlígà,flag
ẹ́gẹ-úna,flame
àmẹ̀gẹ-úná,flames
ráá,flash
ítọ́chì,flashlight
pátákáá,flat
rá,fled
ímótò-ejọ́mi,fleet
ùbálẹ̀,fleeting
ọ́rọ́,flesh
lọ́la,flexible
lọ́lá,flexibility
tìkìrìkìrì,flicker
ànyẹ́là,flight
jọ́gīgili,flinch
ìdí-omi,flood
yólọ́,flooded
chá,flow
Ídíí,Flow
yólọ́,flowed
Ìgbégbélẹ̀,Flow
odòdó,flower
t’íjākpáà,flowered
ámọ́dòdó,flowers
chá,flowing
ìlí,flux
họ́,fly
ójó,focal
ẹ́jú,focus
gẹ̀gẹ̀dẹ̀,focused
àfádọ̀dọ́,focuses
ẹ́nẹ́-ọ̀lá,foe
átúlá,fog
chẹ́,fold
ẹ̀chẹ́,folded
òhíka,folk
àbóígbélẹ́,folks
kpó,follow
dójí,followed
ámúdójí,following
ùjẹñwú,food
àmọ́jẹñwu,foods
ẹ́rẹ́,foot
íbọ́lù,football
idádà,foolish
dẹ̀yúdọ́,foot-dragging
lá,foolish
idádà,foolishly
ílálà,foolishness
ẹ́rẹ́ẹ̀,foot
ọ̀kpa,foot-path
tódú,for
àkpúlú,force
kpògìdè,forced
égbílẹ́,forceful
bẹ̀ẹ́,forcefully
nà,forcing
òlọ́ọ̀kó,foreigner
ẹnèmúnẹ́,Foreign
óko,forest
ẹ́gbélẹ́,Forest
ùgbọ́gbá,foregoing
gbégbéílẹ̀,forever
gbényọ́ọ̀,forget
gbẹ́nyọ́,forgotten
étító,formal
nẹ̀,form
ádúbálé,formally
ùbóbíì,formation
ágọ́fó,formative
ìchí,formats
ódó,formulation
gbẹ́gbẹ́dẹ́,former
íchí,Forms
ọ̀gwù,form
ìtògbà,Form
ẹ́ñwà,formula
éló,forth
ìgbék’í-ché,forthcoming
ẹ́rẹ́,fort
ánána,fortune
ẹ́fú,Fort
ọ́gbá,forward
jẹ,fostered
k'ényáà,Foster
já,fought
kpànyàà,foul
lí,found
ẹ́rẹ́-únyí,foundation
ẹ̀lẹ̀,four
ẹ́g̀wẹ̀lẹ̀,fourteen
ẹ́kẹ́lẹ̀,fourth
újà-ìyà,fracas
gwúché́,fracture
tìkí-tìkí,fragile
ẹ́gẹ́,fragment
ámẹ́gẹ́,fragments
úgbógbó,frame
ńúgbẹ́,framed
gágàdā,frankly
ùjí,fraud
gbẹ́jú,fraudulent
jàdá,freed
òmìnọ́lamí,freedom
fòófòó,free
híáálá,freely
gbà,freeing
t’ẹ́bùtù,freeze
kpíjèlè,freezing
Ẹ̀fúláǹsì,French
kpẹ́kpẹ́lẹ,frequently
Ùfọ́nù,Friday
ónúkwú,friend
ámonúkwu,friends
jálí,friendly
ónúkwú,friendship
Ọ̀lálī,Friendship
ónúkwú,friend
àmọ́núkwú,Friends
kwóò,from
ójúwó,front
àtẹ́,frontiers
j’ẹ̀yá,frustrated
ẹ́kpó,fuel
gbẹ́,fulfill
ẹ̀dọ̀,fulfillment
dúú,Full
kọ́,full
íyá,fun
édúù,function
édú,Function
ọ́kọ́,Fund
òbé,fund
d’ọ́kọ́,funded
ójó,fundamental
òbé,funds
ẹ̀gbádú,funeral
dāyé,furnished
gẹ́,further
ọ́gbá,future
ígamà,g.
j’ìlè,gain
jẹ́,gaining
dẹ́kwọ̀kwọ̀,galloping
ícháchá,gambling
íyáà,game
ámaiyáà,games
àmọ́jí,gang
èbì,gap
àfù,gas
àkwù,gate
ñọ́,gather
jọ,gathered
ùjẹjú,gathering
lí-ẹ́jú,gaze
nẹ́,gazed
lí-ẹ́jú,gazing
ọ̀tàjía,gear
ókó/ólé,Gender
dúú,general
kpọ́kpẹ́,generally
bì,generate
bì,generated
ájú,generation
àmaájú,generations
óláló,generally
àchẹ́le,generous
gbàgbà,generously
gbẹ́gbẹ́,gentle
ẹ́nẹ́,gentleman
àbókẹ̀lẹ̀,gentlemen
ọ̀pẹ́pẹ́,gently
ọ̀dú-anẹ̀,geography
Jámánì,german
Jámánì,germany
ìchẹ́,gesture
lá,get
Gbà,Get
egwú,ghost
ẹ̀kwùtẹ́,giant
élile,gigantic
ọ́m’onobúlẹ̀,girl
ábóígbẹ̀lẹ́,girls
du,give
d’ó,given
ẹ́nẹ́,giver
ádú,gives
yọ̀,glad
lí,glance
àgó,glass
égìgò-ejú,glasses
lí,glimpse
ájọ,global
òdú,glory
gbáàà,glorious
ójima,glorious
hìọ̀mìì,glossy
jó,glow
lé,go
ídí,goal
àmáídọ́,goals
ọ́jọ́,god
Ọ́jọ́,God
Ọ́jọ́,God
ónú ọ́mi,goddess
lọ,goes
ténè,going
àgòlò,gold
ẹ́kpikp’ọ́lù ọ̀bà,Golden
tàkpá,gone
ẹ̀nyọ̀,good
ẹ́ñwu,goods
jẹ́ ọ́fẹ́,govern
ígọ́métì,government
àmígọ́métì,governments
ígọ́bìná,governor
ùfẹ́dọ̀,grace
Ùfẹ́dọ̀,Grace
pẹ́ẹ́pẹ́ẹ́,gradually
dáchí,graduated
átá-átá,grandfather
íy’átá,grandmother
élile-élile,grand
ójóójì,Grand
jẹ́,granted
àwọ̀nyí,graph
gwọ́wọ́nyú,grasp
ẹ́gbé,grass
ùgbédẹ,grateful
ojínójíì,grave
gbẹ́,great
túlè,greater
kpákáá,greatest
ọ́dùfà,green
gbẹ́,greeted
náagò,greeting
àbùrú,grief
èmímì,grievance
kp’ẹ́jú,grimace
gàlá,grip
ìbẹ́,groin
dúú,Gross
ùchẹ̀,Group
dó,grouped
jìjó,grouping
àmáchẹ,groups
àmáùchè,groups
àmọ́jẹ́jú,groups
ẹ̀bóbíí,growth
ìyámíì,guarantees
ígamíì,guaranteeing
àdídẹ́,guard
ẹ́nẹ́ídẹ̀,guardian
bọ,guess
ùbọ́dù,guess
lí,guessed
ádúbō,guessing
l’ọ̀ọ́nà,guide
kọ́-íbe,guiding
n’ébì,guilty
Gìníì,Guinea
ólí égbéẹ̀,gun
ámẹ́gbéẹ̀,guns
àmálí,habits
áli,habit
tètè,habitual
álẹ́gbálẹ́,habitually
ché,Had
kó,Had
má,Had
kà,hail
òkwúta ọ́mọjọ́chà,hailstone
èdùdú,hair
kpákpálá,hairless
àmédùdú,hairs
jùù,hairy
ójì-káà,half
che-kàdọ́nà,halfway
ẹ́jẹ̀fù,hall
òkógò,hammer
dányú,hammered
dányú,hammering
ọ́wọ́,hand
jó,handling
ámọ́wọ́,hands
Ọ́wọ́,Hand
kọ́-ọ́wọ́,hands off
gbélẹ́gbélẹ́,handsome
dálọ̀,hang
che,happens
ùyọ̀,happiness
n’ùyọ̀,happy
gbítì,hard
kpálá,harder
nyá,hardly
mú,Has
kpó,Has
d’ọ́,has
gbágbá,harshly
já,harvest
já,harvested
já,harvesting
ọ̀tàjía,hat
ráílọ́,hate
àìlọ́,hatred
ché,having
ọ̀kpẹ̀lẹ̀,hazard
gbẹ́jú,hazardous
ìgbégbèjú,hazards
í,he
Ójí,Head
ògijo,Head
ẹ́gà,Head
ójí,head
ọ́jìgbúù,headache
àmaójí,heads
ọ́là,health
làáfíà,healthy
gbọ́,hear
gbọ́,heard
ẹ́gbọ́,hearing
ẹ́dọ̀,heart
pàà,heartily
kpá,heat
hì,heating
àfù,heavens
ójáálẹ̀,heaven
gbágádáá,heavily
dẹ́kẹ̀,heavy
ọ́gbá,height
ikólìkọ́,hell
náàgò,Hello
ch’ábùnẹ́,Help
tódúlẹ́,Hence
ó,her
ú,her
ógwù,herb
àmógwù,herbs
ẹ́mí,here
ógijo,hero
ọ̀gẹ̀nẹ́chá,heroic
àb’ágójì,heroes
ọ́,hers
ọ́la ñwú,herself
ónúgò,Himself
dẹ́yúdọ́,hesitated
Áchá,hi
májáà,hide
májáà,hidden
áñọ,hide
m̀á 'jáà,hiding
ákpẹ́nẹ́ -ákpénē,hierarchical
túlẹ̀,high
túlẹ̀,higher
túlẹ̀,highest
nyọ́nyọ̀,highly
chẹ́kà,highlighted
chábẹ́,highlighting
ikpadàla,highway
úwó,hill
ámúwọ́,hills
ó,him
ọ́la ñwú,himself
ẹ́kẹ̀kẹ́,hint
du-tínẹ̀,hire
átúdú,hires
nẹ́,hiring
ọ́,his
ígbélẹ́,historical
àhíká,histories
ítà,history
ọ̀lá-ígbélẹ́,History
Étìlà,Hitler
fù,hit
afú,hits
ọ̀gá-ọ́wáílo,HIV
àkwúbì,hitherto
gwọ́wọ́nyú,hold
nẹ́,holding
awó,hole
àmáwọ́,holes
iná,holy
únyí,home
ámonyí,homes
ókólọ̀,homestead
íñọ́,honey
òjíma,honor
gbélẹ́gbélẹ́,honorable
élẹ́,honorary
d’òjíma,honored
tá,hook
k’ẹ́rẹ́,hooking
íkẹ̀nẹ́ẹ̀,hope
kẹ̀dọ̀nó,hoping
ùbáìlò,horror
ànyà,horse
únyí-ógwù,hospital
àkpá-àmú,hostage
j’ọ̀ọ́kọ́,hostile
àílọ́,hostility
ùgbà-ótùrìísítì,hotel
àmúgbò-ótùrìísítì,hotels
ágọ́gọ́,hour
àmagógọ́,hours
ọ́dọ́,House
únyí,house
àbó,House
ẹ̀gbánẹ́,household
àgbárú,Housing
ábú,how
m̀údáà,however
ọ́tọ́ọ́lọ́gbọ̀lọ̀,huge
gọlìì,hugely
ẹ́nẹ́,human
àmẹ́nẹ́,humans
Ẹ́nẹ́,Human
ónẹ̀,humanity
m̀ọ̀là,humane
ìlẹ̀,Humanity
hì,humble
bọ,hunch
ógwúmẹ́lú,hundred
ébí,hunger
ǹégō,hungry
dọ́dẹ̀,hunted
ájọ́dẹ̀,hunter
àmájọ́dẹ̀,hunters
ódẹ̀,hunting
nẹ̀dọ̀dẹ́,hunting
rọ́,hurl
k'àfù,hurled
kpálápálá,hurried
kpákpálá,hurriedly
ùnájú,hurry
gw’ọ́gbé,hurt
ọ́kọ́,husband
únyí,hut
ámonyí,huts
ójóojì,hybrid
íbē,hypothesis
ámíbē,hypotheses
káálọ́,hypothetical
ú,I
òmi,I
ù,I
yégéyégé,ice
íbe,idea
dábú ọ́làáfíáà,ideally
àmíbē,ideas
kámá,identical
m̀ẹ́jú,identify
m̀ẹ́jú,identified
ójóojì,identity
ẹ́gbà,ideological
ádábu,i.e.
íchẹñwú,if
t’ẹ́jú tínyọ́ọ̀,ignore
ùgbọ̀dúù,ignorance
ọ̀gbólí,ignorant
lọ̀,ill
ọ̀fẹ́,illegal
ólọ́,illness
ọ̀gá,illness
àmọ́gá,illnesses
áwọ̀nyí,illustration
àwọ̀nyí,image
àmàwọ̀nyí,images
ìgbàmìnì,imaginary
ẹ́rẹ̀rẹ̀,immediately
kẹ́,immediately
ọ́tọ́tọ́lọ́gbọ̀lọ̀,immense
ílòdó,immigrant
ùlẹ́lẹ̀,immigration
Ègbunu,immune
jì,impaired
ẹ́yìbó,imperial
ẹ́ñwú-ídọnà,implement
bàkú,imply
íjẹ́m̀údá,implying
ẹ̀gbà,import
ọ̀gbààlà,importance
ójó,important
tā,impose
tá,imposed
gbẹ́,imposing
ídí-íbe,impression
àmídí-íbe,impressions
bù,improve
múdáà,improved
éfù,in
nyá,inadequate
gbọ̀,incapable
ìdálé,inception
kọ́nyú,incite
kẹ̀dọ̀nó,inclined
bọ̀,incomplete
dàgbá,increase
náwò,increasing
ńááwó,increasingly
gbóó,indeed
Íígbá,Indeed
ọ̀mìínọ́làmi,independence
ḿúdā,indicate
bàkú,indicating
ọ̀kọ́,indication
híámá,indifferent
Ígáláà,indigenous
ẹ́nẹ́-káà,individual
ẹ́nẹ́nẹ̣,individuals
tíìtiti,individually
jó,induced
àmaúkọ́lọ́,industries
òbé,industry
ètúbẹ̀ẹ̀,ineffective
ádàákánā,inevitable
ọ́má,infant
àmọ́má,infants
ọ̀gá,infection
lógwọ́,infectious
gẹ́lẹ́,inferior
ọ̀gbàgbálẹ̀,infinite
gbégbélẹ̀,infinitely
chẹ́,influencing
kà,inform
íbē,information
m̀á,informed
ágwú,inheritance
d’ọyà,inherited
ẹ́yà,initial
bìtẹ́,initiated
úgbọ,initiative
òlíẹ́,injection
chágbẹ́,injured
ágbee,injury
ìyẹ̀lúwẹ́ẹ̀,ink
éfú,inner
ọ̀kpákáà,innocent
ọ́lá,innovation
àmọ́lá,innovations
ínaà,inscription
àmáínaà,inscriptions
áìlọ̀,insect
éfú,inside
ẹ́nẹ́,insider
lìgbàlìgbà,insist
ọ̀lìgbálìgbà,insistence
lìgbàlìgbà,insisting
gbẹ̀,install
ọ̀nálẹ́,instance
àmọ́nálẹ́,instances
érẹ́rẹ̀,instantly
ọ́gbááká,instead
tẹ̀-ọ́lá,instituted
úgbọ́dànyí,institution
àmúgbọ́dànyí,institutions
dú-ọ́dàá,instruct
ẹ́gbà,instruction
ìtíchà,instructor
ẹ́ñwú-ídọnà,instruments
ẹ́ñwá ídónà,instruments
ùfíà,insurance
jó,intact
ch’ẹ̀kákó,integrate
ch’ẹ̀kákó,integrated
ọ́gbọ́n,intellectual
àb’úmà,intellectuals
ọ́gbọ́n,intelligence
ọ́biẹ́,intelligent
íníyà,intend
kámá,intends
kpá,intense
gbáà,intensely
àgbúlú,intensity
áli,intention
lèrú,interact
ùgbégbọ,interaction
íjíẹ̀,interest
ùjògbò,interference
ẹ́jẹ̀fù,interior
éfù,internal
ẹ̀tọ́ọ́fẹ́,interpretation
ḿúdẹ́chí,interpret
ìgbà,intervention
ùfẹ̀dọ̀,intimacy
nyú,into
àkàmágbọ,intransigence
kà,introduce
nẹ,introducing
ùjògbò,invasion
chọ́,invent
ẹ́ñwu-ígbélé,invention
àchọ́náà,inventor
jẹ́ àjíyá,invest
gw’ólí,investigate
ùgbàálù,Investment
ìnyàmà,investment
ámaìnyàmà,investments
ké,invite
kà,invited
ẹ̀jẹ́,invitation
dégbòó,invincible
kpàí,involve
áfẹ̀fá,involves
bíù,iron
àfọ́,ironic
Ẹbíjẹ̀,Iron
chòchòchóò,irregular
píọ́,irrevocably
ọ̀wọ̀,Islam
Àkpá,Islamic
ọ́fí-àji,island
Ísírẹ́lì,Israeli
àmọ́là,issues
ọ̀lá,issue
ọ̀gbọ̀gbà,issues
Ọ̀lá,Issue
í,it
ẹ́ñwu,items
ámẹ́ñwú,items
ẹ́ñwú,Item
ọ́,its
ónúgò,itself
Jánuárì,Jan.
Jánuárì,January
Jàpáàn,Japan
yàá,jarring
ìgbàà,jaw
Jésù,Jesus
úkọ́lọ́,Job
úkọ́lọ́,job
àtábáà-ejú,johns
ójìkó,joint
kòchè,jointly
àmájóìkó,joints
ọ̀tákáda,journal
ùlẹ̀,journey
àmúlẹ̀,journeys
ùnyọ̀,joy
gbẹ́já,joyful
ákájọ́,judge
lí,judged
ìníyà,judgement
ùmà,judgement
Jùláì,July
Júùnù,June
kékélé,junior
ojáánẹ̀,jurisdiction
fáàfáí,just
gbàgbà,just
ọ̀fọ́,justice
ètẹ̀,justification
dábú,justified
tẹ̀ọ́lá,justify
nẹ̀,kept
ọ́mà-ígèdè,key
kpa,kill
kpá,killed
ákpọnẹ́,killer
ákpá,kills
ùfẹ̀dọ̀,kindness
ónú,king
ójáánẹ̀,kingdom
óbúkà,kitchen
ọ̀bẹ,knife
àmọ́bẹ̀,knives
d’úkókó,knock
kwọ́,knocked
t’ígbíì,knot
jí,knotted
m̀á,know
ńínáà,knowing
gẹ́gẹ́dẹ̀,knowingly
ùmà,knowledge
kà,known
Kòríánì,Korean
ínyé,kudos
íjìníkpá,labor
íkpálà,labour
ẹ̀gíbílẹ́,laboured
ábọ́-ọ́gwù,labourers
tá,lack
má,lacks
àgwùbé,ladder
ábóígbẹ̀lẹ́,ladies
ọ́mágbẹ̀lẹ́,lady
Ájì,Lake
ájí,lake
àmọ́jí,lakes
anẹ́ẹ̀,land
òdú-anẹ̀,landscape
íchí,language
àmọ́chí,languages
gbágádá,large
gbáanẹ̀,larger
àkwúgbá,las
títálá,last
échí,Last
ùbiánẹ́-í,lately
nyányí,laugh
ányí,laughing
ànyí,laughter
ódáà,law
dábú ódáà,lawful
àmọ́dáà,laws
du,lay
lótú,lead
àgbojí,leader
ojìágbòjí,leadership
tètè,leading
kọ́,leaned
gányáá,lean
kọ́chẹ́,learning
mínímómù,least
ánọ́,leather
lè,leave
ẹ́gbẹ́,leaves
dú,led
jálí,legitimacy
ọ̀gẹ́nẹ́chá,legitimate
áménẹ́,lending
ójá,length
dábùù,lessen
ìlọ̀,lesson
gbùñà,let
àmalétà,letters
ọ́gbá,level
ọ́kọ́-ùtẹ́,levy
ètẹ̀ẹ̀,liberal
àjàdù,liberation
únyí-íbúkù,library
rẹ́ẹ̀mí,lied
Ọ́gá-ọ́jọ́má,lieutenant
ilé,life
ọ̀lọ̀gbó,lifetime
ílẹ̀,lifelong
ìlẹ̀,Life
álí,lifestyle
ójìológbọ́,life-time
dá,lift
nẹ́,lifted
gbélí,lifting
fúfú,light
ẹ̀mù,light
ní ẹ́mù,lighted
àmẹ̀mù,lights
ọ́màmànyà,Light
kẹ́lẹ́kẹ́,lightly
ọ̀dọ̀,lighting
í-chẹ́,likelihood
dẹ́gbà,likely
ádúbálé,likewise
álèmúínále,lime
ágbàà,limits
ìkàmù,limits
íkwúù,line
ọ́gbà,Line
ùgbẹ̀,lineage
ádà,linear
tọ́gbà,lined
àmágbá,lines
ílìí,link
tányí,linking
àlíí,links
ìdù,lion
áló,lips
ómi,liquid
ọ́dọ́dú,list
àmọ́dódú,lists
àákáá,literally
ẹ́gbà,literary
ọ́gbọ́n,literary
rééé,little
dẹ́jú,live
ọ̀dọ̀,liver
òdú,location
jigbẹ́,lock
kpá,locked
ígẹ̀dẹ́,lock
iji-úná,log
àkànúgbá,logically
Lọ̀ndọ̀n,London
já,longer
ígbélé,long-standing
D’ẹ́jú,Look
Gbàá,Look
lì,look
égbìgbì,loop
álọ̀,loose
júgwù,loosely
lọ́,loosen
Ọjọ́,Lord
òfù,loss
ùgbé,lot
ùfẹ̀dọ̀,love
nẹ́,loved
ányẹ́máàgbọ̀,lover
gbányáà,lower
égọ́,loyalty
ọ̀gbóóló,loyal
ákúkọ̀,lungs
Ọ́jò,madam
ahímú,mad
ché,made
ògwúdéyí,magic
àchàgàlá,magnificent
álẹ́gbálẹ́,mainly
kpọ́kpẹ́,mainly
jì,maintain
jì,maintaining
ché,make
aché,makes
ché,Make
ọ́kọ́,male
ónẹ̀,man
ónẹ́kẹ̀lẹ̀,man
dúkpẹ,mandatory
jọ,manifested
ojóojí,manifold
ẹ́nẹ́,mankind
áli,manners
àkàánùgbá,Manners
àwọ̀nyí,map
Máchì,March
ẹ́gbẹ́,margin
àgbàá,mark
ájà,Market
dádó,marketable
ínáà,marks
ọ́yáà,marriage
àmọ́yáà,marriages
n'ókọ́,married
ẹ̀gbọ̀lọ̀,mass
ùmẹ́jú,mastery
ẹ́gọ́,mate
ẹ́ñwú,material
ọ̀lá,matter
gẹ́gẹ́dẹ̀,matter-of-factly
kàní,maybe
mí,me
bàkú,mean
ọ̀fé́,meaning
nẹ̀fú,meaningful
ọ̀fọ̀fó,meaningless
àlù,means
ọ́lá,means
k’íná,meant
gbálúká,measure
álú,Measurement
ẹ́bíjẹ̀,mechanical
áb’íjìnẹ́,mechanics
ìbà,mediation
ọ́gwù,medical
àlúlà,medication
àmalúlà,medications
ógwù,medicine
ùjẹ́jú,meeting
àmáùjẹ́jú,meetings
àbó,members
ámì-bílọ́,membranes
íbē,memory
èmí,memory
àbókẹ̀lẹ̀,men
ílẹ̀,mental
àhíkáà,mentions
dọ́,mention
àhíká,mentioned
ọ̀fọ̀fó,mere
ké,merely
álí,merit
àlìfía,merits
Mẹ́síkóò,Mexican
M̀áíkrọ́sọ́fùtù,Microsoft
àlúmẹ́jì,mid
àlúmẹ́jì,middle
álùmẹ́jì òdú,midnight
ọ̀gẹ́gẹ́dẹ̀,midst
kpákáá,might
àgbélẹ́,mighty
ìmílẹ̀,mile
ẹ́já,military
Íchójáà,Military
ómi ẹ́nyá,milk
mílíọ́nù,million
éfúù,mind
èémi,mine
kẹ́kẹ́lẹ́,minimum
Ígọ́bìnáà,minister
Àmọ́màjàtá,Ministers
kẹ́kẹ́,minor
ámáàwáà,minutes
kpẹ́gwà,mix
chẹ̀gíná,mixed
égbúdù,mixture
lùlẹ̀,mobile
ódú,model
àlá,modeling
àmálú,models
étító,Modern
bílẹ́wá,modern
Ẹ̀múndẹ́,Monday
ọ́kọ́,money
ébíjè,money
ọ́chúù,month
àmọ́chúù,months
bíẹ́nẹ,moral
ilẹ́,morality
àkànúgbá,morally
Mósì,Moses
kpọ́kpẹ́,Most
jù,mostly
Íye,Mother
Íye,mother
àmọ́yẹ́,mothers
ídí,motivation
étẹ̀,motive
ámètẹ̀,motives
ímótò,motor
úwó,mountain
àmáwọ́,mountains
Ójúwó,Mount
gbẹ́,move
kọ́,moved
úgbó,movement
sínímà,movie
àmọ́-sìnímà,movies
ọ́jò,Mrs
ọ́jò,Ms.
kpọ́,much
ẹpìọ̀,mud
hìjọ̀lọ̀,muddy
gbágádá,multi
àákpálá,multiple
dàgbá,multiply
álọ́ká,multitude
kpa,murder
á́kpọ́nẹ́,murderer
kìíníí,murky
ágójì,muscular
ẹ́lí,music
Àkpà,Muslim
che,must
kù,must
ẹ̀jọ̀,mutually
ónúgò,myself
ẹ́ñwu àfítéjú,mystery
àmọ́fítẹ̀jú,mysteries
l̀úbàìlò̀,mysterious
jìfì,mysteriously
ẹ́ñwu-áfìtẹ́jú,mystery
álé,nail
ódú,name
pemee,narrow
ọ̀lọ́pù,nation
ájọ̀,national
ojóojì,natural
ọ̀fọ́,nature
èmí-émí,nearby
gbégbé,nearly
dúkpẹ,necessary
ténè,need
dúkpẹ,needed
àmaténè,needs
èhéee,negative
ékéjì,neighbor
àdógbéè,neighborhood
àbómúnẹ̄ẹ̀,neighbors
gbē,neither
ẹ̀dọ̀,nerve
d’éjìjì,nervous
ìgà,net
gbē,never
étító,new
tító,newly
ọ̀là,news
úbí,next
nyọ̀,nice
òdu,night
ẹ̀lá,nine
ẹ̀gwélā,nineteen
ẹ̀kẹ́lā,ninth
èhéee,no
ẹ́nẹ gbē,nobody
ékwùkwù,noise
ch’èkwùkwù,noisy
gbē,none
ẹ̀nyí ẹ́chẹ̀,nonsense
íchẹ́kà,nonetheless
ọ̀lọ́j’ólù,noon
bé,nor
mú,normal
tẹ̀ t ẹ̀,normally
ọ̀gẹ́bẹ́ẹ̀,north
ímọ́,nose
ṅ,not
kà,note
àmákà,notes
ẹ́ñwu dúú,nothing
lí,noticed
íbē,notion
Nọ̀vẹ́ḿbà,November
ábájọ́-í,now
ábájọ́-í,nowadays
ìgbálígbā Ọjọ́,nowhere
álu,number
gbálukà,numbered
àmalu,numbers
bù né,nurse
nẹ́,nursing
àmaolóbo,nuts
ígbẹ́íbe,obedience
ẹ́ñwu,object
ọ̀fọ́,objective
àmọ̣́fọ́,objectives
àmẹ́ñwu,objects
ìdúù,obligation
àmaidúù,obligations
dúkpẹ́,obligatory
ché,obliged
ọ̀wọ̀lì,obscure
àwòlí,observation
gòó,observe
má,observed
ágígò,observer
jálí,obviously
ikò,occasion
káà,occasional
ìkò ókáà,occasionally
che,occur
ùgójù,occurrence
ché,occurring
ìtèkwú,ocean
Ọ̀kọ̀ọ̀bà,October
èche,odd
lẹ́,of
lú,off
ẹ́biẹ̄nẹ,offence
énẹ-ẹ́biẹ̄nẹ,offender
ché,offered
ẹ́ñwu,offering
àmẹ́ñwu,offerings
ójúukọ́lọ́,office
àmọ́júukọ́lọ́,offices
ọ́ma,offspring
gbẹ́gbà,often
káì,oh
ékpo,oil
gbẹ́,okay
oo,Okay
ígbélé,old
gbó,older
ójí,on
gbégbé,once
ényẹ́,one
áma,ones
ónúgò,oneself
katé,only
ójí,onto
chí,open
chí,opened
ọ̀gẹ̀gẹ̀dẹ̀,openly
àbù,opening
che,operate
úkọ́lọ́,operation
íbē,opinion
ìgbà,opportunity
àmagbà,opportunities
kọ̀,opposed
ójóojì,opposite
ẹ́júbi,opposition
ọ̀fọ́,option
àmọ̣́fọ́,options
abẹ̀kù,or
ùkọ̀lọ̀,order
chí,ordered
kílíkímí,orderly
òfòfo,ordinary
ẹ̀bì,organ
ójúkọ́lọ́,organisation
dó,organize
kílíkímí,organized
chálò,organizing
ìdènèkwù,organism
àmidènèkwù,organisms
àmẹ́bì,organs
ẹ̀gwù,original
ẹ́yìbó,Orthodox
òmúnẹ́ẹ̀,other
àbómúnẹ̄ẹ̀,others
dúkpẹ́,ought
wa,our
àwa onúgò,ourselves
álùgbó,outcome
àmalùgbó,outcomes
kàdò,outline
ẹ̀dọ̀,outlook
ànyí,output
ọ́dọ́da,outside
ílòwáà,outsider
lìlẹ̀,outstanding
kpa,over
chákáá,overall
dú,overcome
ẹ̀bẹ̀cha,overnight
ẹ́jú,overview
j’ọ́mẹ́ẹ̀,owe
j’ọ́mẹ́ẹ̀,owing
nẹ,owned
òdè,owner
íbāálú,ownership
àfù,oxygen
kó,pack
kámá,packed
álóko,pain
àmalóko,pains
méjì,pair
àmẹ́jì,pairs
Éfọ́fẹ̀,palace
ẹ́rẹ́,palm
àmẹ́rẹ́,palms
kpò,pant
íchàká,pants
òtákáda,paper
àmòtákáda,papers
ùkpé,paragraph
ámùkpé̀,paragraphs
ẹ̀kó,part
dágágàlà,partially
d'ùbí,participate
d'ùbí,participated
àdígō,particular
àmajọ́,parties
ìkòchẹ́,partnership
àmẹ́ñwu,parts
àbó,party
páchì,pass
gbó,passed
ọ̀ọ́nà,passage
ìgwà,passengers
ọ̀kái,passion
échí,past
àmálí,patterns
jẹ́kẹ́bí,pause
ra,pay
ọ́kọ́,payment
ọ̀la-nyọ́,peace
ọ̀la-nyọ́,Peace
àlọ́kọ́,peasant
àdúñà,peculiar
ùgbẹ̀,pedigree
ínéẹ̀,penalty
àmọ́nẹ́,people
ábó,peoples
ákpọkọ,pepper
lí,perceive
údẹ́,percent
údẹ́,percentage
àmalùdẹ́,percentages
ójì,perception
pípí,perfect
gbẹ́gẹ́dẹ́ẹ́,perfectly
ìlèchẹ́,perfection
che,perform
ànyí,performance
che,performed
áche,performing
kàní,perhaps
ẹ̀gbà,period
àmẹ̀gbà,periods
pìóó,permanent
pìòógódòó,permanently
ìgb’ọ́dá,permission
dúkpẹ,permitted
àdúkpẹ,permits
ẹ́nẹ,person
ẹ́ñwu,personal
énẹ,personality
nyẹ̀gbàjì,personally
àmonẹ̀,persons
ojú,perspective
tọ́,pertaining
égíní,petty
ikò,phase
àmàìkò,phases
ìwúláà,phenomenon
énẹùmààgàà,philosopher
ẹ̀kọ́-ùmà,philosophy
íló,phone
ìfòtó,photograph
ádifòtó,photographer
àmìfòtó,photographs
ùkọ̀là,phrase
àñọ́lá,physical
kpàkpálá,physically
énẹ́gwù,physician
ẹ́kọ́,physics
ñá,pick
gbá,picked
fíyẹ́,picking
ìfòtó,picture
àmifòtó,pictures
àkpánà,piece
àmakpánà,pieces
ámokóò,pigs
gwà,pilot
àgàká,pine
rọ́ókpóó,pink
ẹ́gbá,pioneer
ùchá-àtábáà,pipe
ẹ̀gbá,pitch
éjúmomi,pity
dù tè́,Place
úgbo,place
dó,placed
ámúgbo,places
ẹ́nẹ́ àjọ,plaintiff
kàà,plainly
álọ̀,plan
òkọ̀,plane
ténè,planned
olí,plant
gbẹ̀,planted
tígà,planting
úchẹ́,plantation
àmáchẹ́,plantations
àmolí,plants
òchíbú,plate
àmọ́chíbú,plates
ígbélí,platform
íyáà,play
che,played
ájọ́lí,player
chẹ́,playing
ọ́lógwù,plea
j'ọ́gbọ́,pleading
kócho,please
áyé,pleasure
gbà,pledge
kpúù,plenty
ọ̀lá,plot
ìgòchèlèmá,ploy
kpàí,plus
anẹ́,p.m.
ákówúlé,poet
ẹ́kọ́ ọ́nyáà,poetry
ìgbà,point
kálíí,Point
àmagbà,points
ọ̀kpáà,pole
úkọ̀lọ̀,policy
ọ́jàà,political
ẹ́nẹ́ọ́jàà,politician
ọ̀fọ́,politics
ẹ́bú,pollution
ájì,pond
ómi,pool
àmómi,pools
álẹ́,poor
bíẹ́,poorly
éjénẹ́ẹ̀,popular
ójìdú,popularity
àbó,population
ọ̀tára,porcelain
égbéẹ̀,portion
àmégbéẹ̀,portions
chē,pose
dúgbo,posed
ùñà,position
àmaùñà,positions
nẹ,possesses
nẹ,possessing
íbāálú,possession
àmíbāálú,possessions
íkáni,possibility
íkáni,possibly
ídó,posture
ùchà,pot
íkàchì,potato
gbéjú,potential
gbégbé,potentially
áchúbà,pottery
ẹ̀bílẹ́,pound
du,pour
chí,poured
dó,pouring
àlé,poverty
èmùnù,powder
éfùlù,powdered
èyíkwù,power
líkànígìì,powerful
gbágádáá,powerfully
àmaèyíkwù,powers
àlìfía,pragmatic
úkọ́lọ́,practice
àmákọ́lọ́,practices
énẹ̀-égbá,practitioner
dányú,praised
jẹ́nyú,praise
àmajẹ́nyú,praises
àduwa,prayer
àmọ́dùwa,prayers
kọ́lọ́jọ̀,preach
ẹ́kọ́lọ́jọ̀,preaching
ch’ógwá,precede
yìílí-yilì,precisely
gbò,predict
áchẹ̀,prediction
bíẹ́nẹ́,predatory
jílíì,predominantly
áyé,preference
ámáyẹ́,preferences
lí rẹ́ ejú,preferred
ìchólò,preliminary
àjáanẹ̀,premises
chọ́,prepare
chọ̀,prepared
ácho,preparing
údógbo,presence
ele,present
álù,presentation
dẹ̀,Present
ádú,presenting
Ààré,president
n’ójì,pressing
ónyà,pressure
ténè,presume
jé,prevent
jó,prevented
égbábọ̀tẹ́,prevention
échí,previous
kw’ábì,previously
ọ́kọ́,price
àmaọ́kọ́,prices
úgbọ́dú,primitive
ọ̀fọ́,principle
àmọ̣́fọ́,principles
ína,print
ídí,printing
úkọ́lọ́,Printing
ọ̀gbà,priority
únyídúdú,prison
àbúnyí-úgá,prisoners
íkúmà,privacy
májáà,private
àmadúkpẹ̀,privileges
ódú,prize
kàní,probably
ọ̀là,problem
ìhíányì,problems
nyí,proceed
ló,proceeded
j’ífáfáí,proceeding
ẹ́ló,process
ùnyé,Processing
nyí,produce
nyí,produced
t’álú,producing
álùgbó,product
úkọ́lọ́,production
úkọ́lọ́,Production
àmálùgbó,products
úkọ́lọ́,profession
ẹ́gbá,professional
àmẹ́gbá,professionals
ítíchà,professor
àmọ́tí́chà,professors
ilé,profit
àmaìlè,profits
álóọ̀,program
àmálóọ̀,programmes
nyọ́gbá,progress
ọ̀fọ́,project
àmalọ̀fọ́,projects
ádútógù,proliferation
gbẹ́,prominent
ùgbalu,promise
gb’alù,promised
ákátá,promising
dá,promote
ché,promoting
ìjàlí,proof
álíí,proof
nyọ̀,proper
jálíí,properly
ànénẹ̀,property
ọ̀lọ̀,proposal
àmọ́lọ̀,proposals
ẹ̀kọ́,prosecution
íkáni,prospects
ánána,prosperity
dè,protect
jí,protected
ché,protecting
ọ̀fọ́,Protection
dúgbo,provided
ẹ́gbá,provider
dúgbo,providing
ìbúù,provision
údọ́tẹ́,proximity
áhímú,psychiatric
áyẹ́,psychological
ùgbẹ́jú,psychology
ámọjà,public
ójáà,Public
kọ,published
ónú,publisher
fá,pulled
dọ́,pulling
ákàkàmí,pulse
ámákàkàmí,pulses
bú,pump
òbàtà,punishment
ọ́ma ìchèkpúlù,pupil
ọ́la-échíchá,purity
àjàànú,purple
ẹ̀tẹ̀,purpose
ójínó,purposeful
gẹ̀gẹ̀dẹ̀,purposely
àmaètẹ̀,purposes
chē,pursued
àtẹ́nẹ́,pursuit
k’ẹ̀chẹ̀,push
ákẹ́chẹ̀,pushing
du,put
ùmà,qualifications
àmálí,qualities
údẹ́,quality
àmalù,quantities
álu,quantity
Ébúlẹ̀ẹ́jonú,Queen
àmébúlẹ̀,queens
ènè,question
t’énè,questioned
éné,Question
àméné,questions
píóò,quickly
kpákpálá,quickly
chíí,quietly
pìàà,quite
àmákà,quotes
írédíyò,radio
ómi ojáalè,rain
gw’álù,raising
tílílí,random
tílílí,randomly
ẹ̀kọ́,rank
gbàlukà,ranked
bèlébélé,rapid
yáájáá,rapidly
kéè,rarely
ìkélékwu,rat
dábú,rated
gbẹ́jú,rational
ẹ̀tẹ̀,rationale
èmímí,raw
úkpōlọ́,ray
ámákpōlọ́,rays
tú,reached
tú,reaching
fìá,react
áyé,reaction
gbá,read
ẹ́nẹ́ gbá,reader
ùgbá,Reading
kpọ́kpẹ́,readily
ẹ́gbá,reading
jálíí,Real
ojóojì,reality
gbá,really
àchē!,Really
àmaètẹ̀,reasons
jẹ́,reasonable
jẹ́jẹ́,reasonably
tibelọ̀,recall
má,recalled
dábúù,recede
gbà,receive
gbá,received
énẹgbómù,receiver
ẹ́gbá,receiving
òfeje-í,recent
òfeje-í,recently
mà,recognise
d’éjúgō,recognising
ẹ́ jú émū,recognition
kẹ́dọ́nó,recommend
ànọ́rú,reconciliation
fẹ̀ẹ́gā,Record
álú,record
ámalù,records
bíẹ̀,recovery
íyáà,recreation
dégùgō,rectangular
ẹ̀kpíkpà,red
b’ẹ́kpíkpà,Red
ákwádúù,reduction
dábú,refer
údú,Reference
údú,references
cháñwà,reflect
áyẹ́,reflection
rídáà,Reform
ùkọ̀,refusal
kọ̀,refused
líẹ́ júmómí,regard
úgbó,regarding
íkánī,regardless
ójáanẹ́,region
ójáanẹ́,Region
ójáanẹ́,Regional
ójínó,regime
ùdú,regime
ọ̀mẹ́,region
àmọ́mẹ́,regions
ọ̀tákáda,Register
àbó,register
chẹ́kò,registered
ámọ́dáà,Regulations
ẹ́gbà,reign
jẹ́,reject
kpàgbé,rejected
gbàkò,relate
kámá,related
ché,relates
ẹ́nẹ́,relation
àmọ́nẹ́,relations
àdé,relationship
àmọ́dé,relationships
éfú,relative
dá,relatively
àbófúù,relatives
mí,relax
gb’ọ́la,relaxed
ùmí,relaxation
ójìjẹ́lí,relevance
álí,reliability
kpákáá,reliable
néjú,relied
áyẹ́dọ̀,relief
gba nyọ́,relieve
ìchẹ́bọ́,religion
kẹ́dọ̀nó,rely
bọ̀,remain
che,remained
àbìbọ̀,remainder
àbìbọ̀,remains
kà,remark
ábàìlò,remarkably
àmákà,remarks
àmọ́gwù,remedies
gbá,remember
íbē,remembering
gbó kákó,remind
kpégā,reminded
áche,reminds
kpéñé,removal
kó,remove
kpá,removed
fáyà,rent
fáyà,rented
ñwọ́chẹ̀,repair
dàbì,repeat
gẹ̄,repeated
gbẹ́gbà,repeatedly
kójì,replace
àkójì,replacement
d’óhì,reply
bí úmi ọ́la,Report
kà,reported
bíọ́la,reporting
b’ámínáà,represent
ẹ́gbá,representative
ch’ámínáà,represented
ojáanẹ̀,republic
ójáanẹ̀,Republic
bi,request
dáhì,requested
àmadáhì,requests
àmaténè,requirements
ténè,require
dúkpẹ,required
gbẹ́gbẹ́dẹ́,requiring
ẹ́kọ́,Research
étíchà,researcher
du tíbā,reserve
chẹ́,reserved
àjáanẹ̀,residence
álíí,resistance
álu,resolution
ọ̀kái,resolve
ẹ́jẹ́,resource
àmẹ́jẹ́,resources
òjima,respect
ájọ́fẹ́,respectful
yọ́yọ́ó,respectfully
ẹ́fúú,respectively
gbómù,respond
òhì,response
àmọ́hì,responses
ùdú,responsibility
ámadù,responsibilities
kpé,responsible
ché,responsive
mí,rest
gbà tánẹẹẹ̀,restored
kémíkémí,restricted
kẹ́mūhí,restrict
òfè,restrictions
álùgbó,result
tọ́ dú,resultant
àmálùgbó,results
ámálùgbó,Results
ẹ́gbá,retirement
dábì,retreat
ọ̀fọ́,retribution
bíẹ́nẹ,retrospective
lìá,return
d’ojì,returned
dojí,returning
dàbì,reverse
gòó,review
àmákà,reviews
ògúdídí,Revolution
ọ́gwọ̄kọ́,reward
ákọ́kọ́lọ́,rhetoric
àbígbo,rhetorical
íjì,rhythm
égbéẹ̀,ridge
àmagbéẹ̀,ridges
ẹ̀nọ̀,right
àmadúkpẹ̀,Rights
jáà,rising
ójíétú,risk
àmójìétú,risks
Ájì,River
ájì,river
àmájì,rivers
íkpadala,road
ámíkpadala,roads
ópátá,rock
úmà,rod
ùkpẹ̀,role
ámúkpẹ̀,roles
kpá,roll
nẹ́,rolled
ílógbo,roller
ọ̀gẹ̀lẹ̀,romance
ẹ́jẹ́efù,room
ámálẹ́,roots
íkwúù,rope
ẹ̀chó,rotation
gbágádá,rough
dábú,roughly
kòlòkòlò,round
jòòlòò,Round
ádàgélē,roundabout
ọ̀nà,route
àmónà,routes
gbàjéélé,Row
ógbá,row
gbààgbà,rowdy
éyí-Onú,Royal
éyí-Onú,royal
ónú,ruler
àmodáà,rules
òfọ́,rules
éjẹ,ruling
jó,ruined
òfòfo,ruins
rá,run
úrúlẹ́,running
ọgbẹgbẹ́lè,rural
àmọ́hídákà,sacrifices
ìjò,sacrificial
ójìdí,safety
kà,said
gwá,sailed
ẹ́nẹ́-jómi,sailor
óchù,salary
àtá,sale
ómu,salt
úgwáà,salutation
òkwùjọ,same
ìjálí,samples
èbùtù,sand
Ọ́jọ́ ábàtà,Saturday
yọ,save
àtá,saying
akwú,saying
akà,says
òdú ékpabiẹ́,scandal
kpatúká,scatter
tà,scattered
ígò,scene
ẹ̀fíyẹ,scheme
àmẹ̀fíyẹ,schemes
únyí íchèkpúlú,School
ùkọ̀,science
étíchà,scientist
ámọ́tíchà,scientists
òhìmìnì,sea
kpàkpà,Seamless
ámájí,seams
ténè,search
ègbà,season
ọjó,seasonal
ọ́dọ́ọ́dọ́,seasonally
úñà,seat
gwùgwú,seated
ẹ́kẹ́jì,second
ójú,section
ọ̀fọ́,Section
jí,secure
ád,security
ád,security
lí,see
lí,seeing
ténè,seek
áténè,seeking
dábú,seem
néjú,seemed
dẹ́,seemingly
néjú,seems
lí,seen
áli,sees
téné,seeking
káà,seldom
dọ́mọ,select
dọ́mọ,selected
ónúgò,self
tà,sell
ẹ́nẹ́-àtà,seller
àtá,selling
kpẹ́,send
ákẹ́,sending
ùmà,sense
ẹ́mú,sensible
kpẹ́,sent
ọ̀là,sentence
dárú,separate
òjójì,separately
dárú,separated
àdárú,separation
Sẹ̀ptẹ́ḿbà,September
ọ̀gbá,sequence
ọ̀gbọ́ólọ́,serious
pípí,seriously
gbégbédé,seriously
édìbò,servant
rárẹ́,serve
dú,served
ẹ́kwù,service
ìkò,sessions
du nẹ́,set
ámádú,sets
àkàmójí,setting
ìgbélé,settings
àmewó,settlements
dárú,settle
jìọ́lá,settled
ẹ́bie,seven
ẹ̀gwẹ́tà,seventeen
ẹ́kẹ́bie,seventh
káà,several
ọ́jọ́jí,severally
bíẹ́nẹ́-bíẹ́nẹ,severe
kpókpòkpóò,severely
ìgbẹ̀,severity
ìbẹ́tẹ̀,sexual
ókpó,shaft
àmọ́kpọ́,shafts
gbẹ́,shake
ná,shall
údú,shame
ẹ̀kọ́,shape
kpẹ́,share
jájá,sharp
kè,sharply
já,sharpen
ẹ́jà,sharpening
í,she
m’ébū,shed
ẹ́pá,sheet
ámépá,sheets
ákpó,shell
àmakpó,shells
hì gwùú,shifted
ábùgà-bùgà,shifting
ìkò,shifts
àfẹ̀,shirt
àmafẹ̀,shirts
ẹ́gbúlú,shock
dá,shocked
ágígba,shocking
àmẹ́dà,shoes
ìjànyà,shop
kpúkẹ̀,short
fàáfáí,shortly
ẹ́yọ́,shot
àmẹ́yọ́,shots
che,should
ójìká,shoulder
ámójìká,shoulders
kpégwú,shout
dógō,shouted
n’úká,shouting
ñà,Show
lìá gòó,Show
dú ñà,show
du,showed
efúfù,showiness
adú,showing
ádú,shown
éhìlẹ̀,shyness
ọ́maye,sibling
àmọ́maye,siblings
lọ̀ọ́,sick
ọ̀gá,sickness
ègbó,sickly
ọ́wó́,side
àmọ́wọ́,sides
àmínáà,sign
àmínáà,signals
nána,significant
náná,significantly
àmínáà,signs
échì,silence
káàlìì,silent
ídádà,silly
ájífà,silver
ojóojì,similarity
ábàlẹ́,similarly
gbẹ́gbẹ́,simple
kékélé,simply
ójóòkáà,simultaneously
kwúhíẹ,since
ọ̀gẹ́cha,sincere
gbóló,sincerely
kẹ́káà,single
òókáà,singular
àtógìjó,Sir
ọ́maye,sister
àmọ́maye,sisters
ámúgbo,sites
dégō,situated
mẹ́fà,six
ẹ̀gwẹ́fà,sixteen
ágọ́,size
n’ágọ́,sized
àmagọ́,sizes
ìfòtó,sketch
lìlẹ̀,skilled
ùmà,skills
áñọ,skin
gbẹ́gbẹ́,skinny
ojáalè,sky
ólù,sleep
álẹ́lọ̀,sleeping
lẹ́,slept
mélémélé,slightly
yẹ̀ẹ̀,slowly
kẹ́kẹ́,small
kẹ̀chùù,smaller
kékélé,smaller
lìlẹ̀,smart
kpákpálá,smartly
lù,smell
ábí,smelly
àlú-ányí,smile
ch’àlú-ányí,smiling
ódùdù,smoke
kpálí,smoothly
ẹ́jóò,snake
kọdá,snap
òñwùlẹ́,so
óchẹ̀,soap
gbẹ́gbẹ́dẹ́,social
àbọ́-ìlẹ̀,society
ẹ́kọ́-àbọ́-ìlẹ̀,sociology
lọ́lá,soft
anẹ́,soil
àjógwù,soldier
ìdógò,solidarity
íbē,solution
kpà,solved
ágbē,solving
dọ́mọ,some
ẹ́nẹ́,somebody
ẹ́nẹ́,someone
ẹ́ñwu,something
ẹ̀gbáá káà,sometimes
dẹ́,somewhat
úgboó káà,somewhere
ọ́ma,son
élí,song
àmálí,songs
hàí,soon
j’éjénẹ́ẹ̀,sophisticated
dò,sort
ọ́lāí,soul
ùkomù,Sound
lúù,sound
fẹ̀,sound
dúgbò,sounded
chọ̀ọ̀ọ̀,soundly
àmàlùù,sounds
àkúkòmù,sounds
ọ̀kpù,source
ẹnẹ́káàlù,speaker
ígbágbá,special
ùgbó,specialised
ọ́káà,specialist
àmájóká,specialists
úgbó,specialization
ádìgō,specifically
ádígō,specification
k’alù,specified
ìfàfàmù,spectacular
ùkọ̀là,speech
àmákọ̀là,speeches
píóò,speedily
kpàgbíẹ,spend
fíá ọ́wọ́ mẹ́jì,spending
dú,spent
òfúù,sphere
ọ̀kpọ́lóló,spine
jó,spoiled
kọ́láà,spoken
fìá,spread
úrè,spreading
ádò,stack
ámadù,stacks
ùgwùgwú,staff
dágō,stand
údẹ́,standard
údūdẹ́lè,standard
àtó,standing
íbẹ,standpoint
àtó,stands
ìláwọ́,star
àmiláwọ́,stars
rónó,start
chánẹ́,started
cháné,starts
ójáanẹ́,state
ọ̀là,statement
àmọ̣́là,statements
ójáanẹ́,State
àkádẹ̀,station
dẹ́,stationed
òjìbó,statue
pẹ́pẹ́,steadily
ígáà,stem
àmáígáà,stems
álọ̀,step
àmálọ̀,steps
olí,stick
àmólí,sticks
éfúù,stomach
ọ̀kwúta,stone
mú,stop
dá,stopped
múdā,stopping
ìlàkà,story
kpáló,straight
ádúñà,strange
ìlówáà,stranger
íbẹ́,strategies
ẹ̀kọ́,strategy
àmíjónaà,streets
ífẹ́,strength
àmaìfẹ́,strengths
kọ́nyí,stretch
fàà,stretching
íkwúù,string
álu,stroke
gbíkó,strong
gbígì,strongly
ágbojì,stronger
éfúù,structure
d’ógò,struggle
lí,struggled
bínyẹ́,struggling
ìkémà,studies
ẹ́kọ́,studies
k’ìké,Study
íkémà,studying
àmọ́lọ̀,subjects
ọ́gbá,subsequent
úbí,subsequently
ẹ́ñwu,substance
kàkpọ́ọ́,substantial
ẹ́gbò,substitution
tányí,succeeded
rónọ́,succeeding
álíì,successfully
ògbá,succession
abálẹ́,such
áchígílī,suddenly
áchígílī,Suddenly
áwọ́,suffering
álíì,sufficiently
íchùgáà,sugar
kà,suggested
lọ̀,suicide
ámájọ,suits
ọ́kọ́,sum
jìọ́lá,summarized
àmọ̣́kọ́,sums
áchīgēnē,summit
dógō,summoned
Àládì,Sunday
ólù,sun
áchọ́gbá,superior
lile,superlative
ágbojí,supervisor
d’ọ́wó́,Supply
ábó,supporters
gbàtẹ̀kó̀,Support
bàkú,suppose
gbàlàkàtá,Supreme
ée,sure
píọ́ọ,surely
ánẹ́ẹ̀,surface
àmọ́nẹ́ẹ̀,surfaces
úkọ́lọ́,surgery
ẹ́bíjè,surgical
kó,surrender
gámá,surrounded
ámágbàgà,surrounding
ámágbàgà,surroundings
gòó,survey
jẹ́gbá,survived
t’ámẹ̀,suspend
ọ̀lùgbè,suspense
égbánẹ́ẹ̀,sweeping
rínyọ̀,sweet
rínyọ́ tùlè,sweeter
úgwú,sweat
úgēgwúù,sweating
Àméríkà,Sweden
áchábọ̀,symbolically
íjó,symbols
náàgò,sympathy
úwọ́,symptom
àmáwọ́,symptoms
ọ̀nà,system
ùgbò,system
àmaùgbò,systems
itébùlù,table
élìfọ̀,taboo
ótíyì,tail
gbá,take
dú,taken
áchē,takes
ádú,taking
ákọ́kọ́lọ́,tale
ámákọ́kọ́lọ́,tales
ẹ̀gbá,talent
ùmà,talents
kọ́là,talk
kà,talked
ákọ̀láà,talking
kálukà,tally
ọ́là ọ́dá,tape
úkọ́lọ́,task
àmákọ́lọ́,tasks
jómá,taste
mọ,tasted
ọ̀gbọ̀,tasteless
rínyọ̀,tasty
òdúù,tax
ómílé,tea
kọ́,teach
Ítíchà,Teacher
kpanà,tear
omi ákwú,tears
ẹ̀kwó,teaspoon
ẹ̀kọ́,techniques
ényí,teeth
íló,telephone
kà,tell
bíọ́la,telling
áche,tells
ẹ̀fúù,temple
ìjọ́,temporary
gbẹ̄gbẹ̄,temporarily
ádí,tendency
àmadí,tendencies
kpá,tender
míẹ́lẹ́,tenderly
ẹ̀gwá,ten
ábúchẹ́ éfúù óchú,Ten
áchábọ́,term
ikò,terms
ádí,Terminology
ójaanẹ́,territory
úgbo,territory
chẹ́ áñwàgọ́,tested
che ánwàgó,Test
ọ̀lọ̀ ọ́dákáda,texts
fú,thank
ch’úgbédē,thankful
wọ́lá,thanks
àgwáà,thanks
k’í,that
abálẹ́,That
òñwúlẹ́,That
ọ́,that
lẹ́,the
òdèkélé,theatre
ómi-ọ̀là,theme
wẹ̀,thee
ma,their
má,them
òfúù ọ̀là,theme
tákù,then
ìbégwù,theories
ábégwù,theory
ànúmọ̀,there
tákù,thereafter
òñwulẹ́,therefore
éfú,therein
ínyé,these
á,they
ẹ́ñwu,thing
àmẹ́ñwu,things
íbẹ,think
ẹ́kẹ́tà,third
ẹ̀gwẹ́tà,thirteen
ogwégwā,thirty
ínyí,this
éma lẹ́,those
ẹ́,thou
ìchamú,thousand
mẹ́tà,three
álu-ójì,threshold
lẹ́fù,through
ọ́dọ́ dúú,throughout
gwó,throwing
ókpónó,thumb
Ẹ́tọ́,Thursday
wẹ,thy
kwù,tie
àmẹ́fúù,ties
olí,timber
ikò̀,time
ọ̀kpánachi,time
ikò,times
ámáìkò,times
àkpḗ,tin
rẹ́kẹ́rẹ́kē,tiny
ámákà,tips
kè,tired
kàkpọ́ọ́,tiresome
ẹ́gbẹ̀,tissue
àmẹ́gbẹ̀,tissues
ọ́fẹ́,title
n’ọ́fẹ́,titled
sí,to
átábáà,tobacco
ífáí,today
dàmá,together
kà,told
ójì,tomb
ọ́na,tomorrow
ígọ́ọ́na,tomorrow
óníì,tonight
ẹ́láà,tongue
ódú,tonight
yẹ́,too
ìdónà,tool
ìmígbélí,tools
ọ́là,topic
àmọ̣́lá,topics
gbàlàkàtá,Top
ójí,top
ìgbé,torture
hieelẹ́,totally
gọ́,tour
sì,toward
rù,towards
ẹ́wọ́,town
éfèwọ́,Town
àméwọ́,towns
ẹ́wọ́-lilé,township
ájá,trade
ájá,Trade
ámájọ̀,trades
gbẹ́gbẹ́dẹ́,traditionally
ígbélé,Traditional
ọ̀gwù,traditions
ùchòbí,tragedy
áláìdígō,tragic
ékpá,trail
àmẹ́kpá,trails
ómótọ̀ anẹ̀,train
ẹ́kọ́,trait
àmálí,traits
ẹ̀gbá,trans
àgò,transactions
dúgbá,transferred
ùgbádúgbà,transfer
ché,translate
ẹ́kọ́,translation
du lẹ̀,transmitted
ẹ́gwáà,Transport
du lè,transported
ódù,trap
úlẹ̀,travel
òlówáà,traveler
ílẹ́-óko,travelling
óló,treachery
àmágbalu,treaties
híyẹ́hìá,treat
áyá,treating
àmágbalu,treaty
olí,tree
ámólí,trees
olí,Tree
àmálí,trends
ìgòchèlèmá,trickery
àmájógwù,troops
ée,TRUE
ólí-ẹ̀kpẹ̀,trunk
ọ̀gẹ́cha,truth
dọ́mọ́,tried
átẹ́né,tries
Ẹ́dẹ̀,Tuesday
ùbẹ̀,tube
àmábùbẹ̀,tubes
ìké,tumor
àmíkẹ́,tumors
ùbi,turn
ágbìgbìdí,turning
àlú,turns
ẹ̀télévíshọ̀nù,TV
ẹ̀gwẹ́jì,twelve
ógwú,twenty
ẹ̀jìì,twice
ẹ́jìmá,twin
ámẹ́jìmá,twins
méjì,two
àché,type
ùchẹ́,types
ìnyà,tyranny
kpárákpárà,ugly
nèkè,unable
chẹ̀,unbending
ómẹ̀nyí,uncle
n’ẹ́dọ̀,unconcerned
ẹ́fú ànẹ́,underground
Ùmà,Understanding
ùmà,understanding
n’ọ́fẹ́,Under
óma-íchèkpúlú,undergraduate
gbọ́,understand
ùmà,understanding
gbà,understood
bibi,undesirable
íyé,unemployment
átányí,Unfortunately
n’ùyọ̀,unhappy
jí,unified
ìkàmà,Union
gbágbá,unique
àmẹ́jọ̀,United
ámáchẹ̀,units
òké,Unit
ẹ̀dọ̀ọ̀káà,unity
chákáá,Universal
ilẹ̀,universe
àmunyí-íké,universities
únyí-íké,university
àbó-íchèkpúlù,university
álẹ́,unlimited
ñáí,unless
gẹ̄ẹ́gẹ̄,unnecessary
gbàákáà,unlike
rọ́gwú,unload
ógójó,unpredictable
ábàìló,unreasonable
tákú,until
fúù,unto
àdúñà,unusual
ójí,upon
òkì,Upper
kpàkpà,upright
òlí,uprising
bú,upset
òdò̀ lilé,Urban
chálò,urge
ìtọ̀,urine
chẹ́,use
ẹ́wàì,useless
ẹnẹ́káàchí,user
chè,using
èkwù,utility
gbàlí,utmost
gbàálá,utterly
ùkọ̀là,utterance
úkọ̀là,utterances
ònónò ọ̀fá,uvula
ọ̀bù,vagina
jẹ́nyú,valued
àlí,values
tákpáránẹ́ẹ̀,vanished
ojóojì,variation
ójóojì,varied
ójóojì,variety
jọ́ọ́jí,various
ílì,vein
íhígá,vent
ẹ̀kọ̀ áfù,ventilation
íjííyà,venture
ọ̀gẹ̀cha,verdict
àbùbú,verse
ídádà,version
éjìjẹ́lẹ́,vertical
lọ́lọ́,very
àgọ̀,vessels
énẹ,victim
àménẹ́,victims
ọ́gà,victor
gòó,viewed
égọ̀,viewing
ùdágō,viewpoint
éwọ́,village
àmẹ́wọ́,villages
àbúchẹ́,village
n’ákpúlú,violent
gbẹ́bīẹ́nẹ́,violating
kpọ́kpẹ́,visibly
éjú,vision
b’ónà,visit
dúgbò,visited
ábó-ọ́nōnōjò,visitors
édíọ́,vocal
ẹ́gbá,vocational
ómùù,voice
úkpẹ̄,Vol.
ùkpẹ̄,Vol
ówú,volunteer
ábówú,volunteers
jábè,vote
àmájọ́bé,voters
ójóojì,vs.
ọ́dọ̀,wall
àmọ́dọ̀,walls
ténè,want
ténè,wanted
ùbìdégō,ward
gwẹ̀,washed
ágwẹ̀,washing
àwúyà,waste
ch'íbẹ̄bẹ́,wasteful
ọ̀nà,way
àmónà,ways
à,we
yégẹ̀yégẹ̀,weak
ágọ̀,weakness
àbábìfìì,weaknesses
ídúù,wealth
ánána,wealthy
ẹ́gbẹ́,weapon
nẹ́,wear
ání,wearing
chúbà,weary
anẹ́,weather
álùkáàgọ́,wedding
Àfọ̀,Wednesday
Àládì,week
íjósáàbátà,weekend
ámaÀládì,weeks
àládì,weekly
dòkòò,weighted
ábú,what
ẹ́ñwu dúú,whatever
ọ́ká,wheel
ámọ́ká,wheels
álu,when
úgbò,Where
énẹ́,which
kalí,Which
éfúfú,white
fúfú,White
kpàí ọ́wọ́ méjì,whole-heartedly
édú,Why
ọ́yáà,wife
ámafùù,winds
áfù,wind
ọ́tẹ́,wine
íká,wing
li,wipe
íwáyáà,wire
jẹ́gbẹ́jú,wise
téné,wish
téné,wishing
gbẹ̄,without
ìjálí,witness
àmíjálí,witnesses
ábígbọ,witnessing
ónōbúlẹ́,woman
ábọ́,women
àbóbúlẹ,women
áwúwù,wonder
àlìfía,wonderful
áwúwù,wondered
àmáwúwù,wonders
olí,wood
olí,wooden
àmólí,woods
ọ̀là,word
ọ̀là,words
úkọ́lọ́,work
ch'úkọ́lọ́,worked
ẹ́nẹ́-ùkólọ́,worker
àbó-ùkólọ́,workers
ch’úkọ́lọ́,working
ìlẹ̀,world
àmìlẹ̀,worlds
àná,World
ìlẹ̀,World
d’éjìjì,worried
d’éjìjì,worry
bíẹ́,worse
ọ́kọ́,worth
òfòfo,worthless
ọ̀gbóóló,worthy
neke,would
ágbéẹ̀,wound
gbá,wounded
àmágbéẹ̀,wounds
kó ló,wrap
ch’ẹ́,wrapped
kọ,write
ákọ́tākāda,writer
àmákọ́tākāda,writers
ákò,writes
ẹ́kọ́,writing
àmọ́kọ́,writings
kọ́,written
ẹ̀bíẹ́nẹ,wrong
àdùré,wrongly
kọ,wrote
àgádà,yard
àgádà,yards
ọ́dọ́,year
ámọ́dọ́,years
ájọ́dúdújọ́dùù,years
ọ̀nálẹ́,yesterday
tá,yet
gbí,yield
gbí,yielding
wẹ,you
kẹ́kẹ́,young
òkékélé,younger
kẹ́kẹ́,Young
wẹ,your
ónúgò,yourself
àmonẹ̀ ónúgò,yourselves
ùgbitẹ̀rẹ̀,youth
òfo,zero
ágbámú,zinc
ẹ́gbà,zone
àmẹ́gbà,zones
òkwúta,rock
òkwúta,pebble
ùwẹ,yourself
ùwẹ,yours
ùwẹ,you are
ùwẹ,you were
ọ́nẹkẹ̀lẹ,human
ọ́nẹkẹ̀lẹ,male
ọ́nẹkẹ̀lẹ,a man
ọ́nẹkẹ̀lẹ,the man
gbà,provide
gbà,offer
gbà,give me
gbà,gave
ébíjè,the devil
ébíjè,a demon
ẹ̀,yourself
ẹ̀,yours
ẹ̀,you are
ẹ̀,you were
òkwúta ,rock
òkwúta ,pebble
ónẹ̀ ,human
ónẹ̀ ,male
ónẹ̀ ,a man
ónẹ̀ ,the man
E̩ne̩,human
E̩ne̩,male
E̩ne̩,a man
E̩ne̩,the man
ẹ̀bìlíì,the devil
ẹ̀bìlíì,a demon
du,provide
du,offer
du,give me
du,gave
ẹ́nẹ,human
ẹ́nẹ,male
ẹ́nẹ,a man
ẹ́nẹ,the man
ọ̀kwúta,rock
ọ̀kwúta,pebble
wẹ,yourself
wẹ,yours
wẹ,you are
wẹ,you were
